Checkin,Checkout,Nome,Prezzo,Punteggio
2025-11-01,2025-11-02,Soul Art Hotel,€ 169,"8,7"
2025-11-01,2025-11-02,Eurostars Hotel Excelsior,€ 283,"8,8"
2025-11-01,2025-11-02,Hotel Angioino & Spa,€ 188,"7,9"
2025-11-01,2025-11-02,Exe Majestic,€ 241,"8,3"
2025-11-01,2025-11-02,Hotel San Paolo,€ 105,"7,8"
2025-11-01,2025-11-02,Palazzo Esedra,€ 120,"8,4"
2025-11-01,2025-11-02,Hotel Cristina,€ 117,"8,7"
2025-11-01,2025-11-02,Schilizzi Hotel,€ 165,"8,2"
2025-11-01,2025-11-02,Hotel Eden,€ 128,"6,9"
2025-11-01,2025-11-02,Hotel Vergilius Billia,€ 230,"7,5"
2025-11-01,2025-11-02,Hotel Miravalle,€ 76,"6,6"
2025-11-01,2025-11-02,Hotel Futura Centro Congressi,€ 99,"7,8"
2025-11-01,2025-11-02,Capodichino International Hotel,€ 73,"6,9"
2025-11-01,2025-11-02,Hotel Mergellina,€ 141,"7,9"
2025-11-01,2025-11-02,NH Napoli Panorama,€ 218,"8,2"
2025-11-01,2025-11-02,Hotel Garden Napoli,€ 152,"7,7"
2025-11-01,2025-11-02,Hotel Neapolis,€ 182,"8,0"
2025-11-01,2025-11-02,Best Western Plus Hotel Plaza,€ 170,"8,1"
2025-11-01,2025-11-02,Holiday Inn Naples by IHG,€ 134,"7,8"
2025-11-01,2025-11-02,Ideal City Walk,€ 139,"8,1"
2025-11-01,2025-11-02,Hotel del Real Orto Botanico,€ 116,"7,2"
2025-11-01,2025-11-02,Palazzo Alabardieri,€ 323,"9,0"
2025-11-01,2025-11-02,Gold Tower Lifestyle Hotel,€ 203,"9,0"
2025-11-01,2025-11-02,Ibis Styles Napoli Garibaldi,€ 159,"8,0"
2025-11-01,2025-11-02,BW Signature Collection Hotel Paradiso,€ 196,"8,3"
2025-11-02,2025-11-03,Hotel Poker,€ 59,"7,1"
2025-11-02,2025-11-03,Soul Art Hotel,€ 105,"8,7"
2025-11-02,2025-11-03,Hotel Colombo,€ 54,"7,7"
2025-11-02,2025-11-03,Eurostars Hotel Excelsior,€ 200,"8,8"
2025-11-02,2025-11-03,Albergo del Golfo,€ 122,"7,8"
2025-11-02,2025-11-03,Hotel Cesare 14,€ 81,"6,4"
2025-11-02,2025-11-03,Hotel Angioino & Spa,€ 109,"7,9"
2025-11-02,2025-11-03,Exe Majestic,€ 120,"8,3"
2025-11-02,2025-11-03,Hotel Art Resort Galleria Umberto,€ 159,"8,3"
2025-11-02,2025-11-03,Hotel San Paolo,€ 88,"7,8"
2025-11-02,2025-11-03,Palazzo Esedra,€ 147,"8,4"
2025-11-02,2025-11-03,Hotel Cristina,€ 94,"8,7"
2025-11-02,2025-11-03,Schilizzi Hotel,€ 110,"8,2"
2025-11-02,2025-11-03,Hotel Eden,€ 68,"6,9"
2025-11-02,2025-11-03,Il Tesoro Smart Suite & SPA,€ 87,"8,6"
2025-11-02,2025-11-03,Hotel Vergilius Billia,€ 109,"7,5"
2025-11-02,2025-11-03,Caravaggio Hotel,€ 107,"7,4"
2025-11-02,2025-11-03,Rex Lifestyle Hotel,€ 144,"8,9"
2025-11-02,2025-11-03,Hotel Miravalle,€ 76,"6,6"
2025-11-02,2025-11-03,Hotel Piazza Bellini & Apartments,€ 126,"9,0"
2025-11-02,2025-11-03,UNA Hotels Napoli,€ 187,"8,4"
2025-11-02,2025-11-03,Hotel des Artistes,€ 95,"7,4"
2025-11-02,2025-11-03,MH Design Hotel,€ 139,"7,8"
2025-11-02,2025-11-03,Capodichino International Hotel,€ 73,"6,9"
2025-11-02,2025-11-03,Hotel Mergellina,€ 105,"7,9"
2025-11-03,2025-11-04,Relais Castel Nuovo,€ 124,"9,3"
2025-11-03,2025-11-04,Hotel Poker,€ 60,"7,1"
2025-11-03,2025-11-04,Soul Art Hotel,€ 123,"8,7"
2025-11-03,2025-11-04,Hotel Colombo,€ 45,"7,7"
2025-11-03,2025-11-04,Eurostars Hotel Excelsior,€ 200,"8,8"
2025-11-03,2025-11-04,Albergo del Golfo,€ 122,"7,8"
2025-11-03,2025-11-04,Hotel Cesare 14,€ 81,"6,4"
2025-11-03,2025-11-04,Hotel Angioino & Spa,€ 89,"7,9"
2025-11-03,2025-11-04,Exe Majestic,€ 125,"8,3"
2025-11-03,2025-11-04,Hotel Art Resort Galleria Umberto,€ 148,"8,3"
2025-11-03,2025-11-04,Hotel San Paolo,€ 84,"7,8"
2025-11-03,2025-11-04,Palazzo Esedra,€ 142,"8,4"
2025-11-03,2025-11-04,Hotel Cristina,€ 94,"8,7"
2025-11-03,2025-11-04,Schilizzi Hotel,€ 76,"8,2"
2025-11-03,2025-11-04,Hotel Eden,€ 61,"6,9"
2025-11-03,2025-11-04,Il Tesoro Smart Suite & SPA,€ 87,"8,6"
2025-11-03,2025-11-04,Hotel Vergilius Billia,€ 91,"7,5"
2025-11-03,2025-11-04,Weaver Suites By Dimorra,€ 112,"7,9"
2025-11-03,2025-11-04,Caravaggio Hotel,€ 112,"7,4"
2025-11-03,2025-11-04,Rex Lifestyle Hotel,€ 168,"8,9"
2025-11-03,2025-11-04,Hotel Miravalle,€ 76,"6,6"
2025-11-03,2025-11-04,Hotel Piazza Bellini & Apartments,€ 157,"9,0"
2025-11-03,2025-11-04,Hotel Futura Centro Congressi,€ 97,"7,8"
2025-11-03,2025-11-04,UNA Hotels Napoli,€ 190,"8,4"
2025-11-03,2025-11-04,Hotel des Artistes,€ 95,"7,4"
2025-11-04,2025-11-05,Relais Castel Nuovo,€ 97,"9,3"
2025-11-04,2025-11-05,Ibis Styles Napoli Garibaldi,€ 117,"8,0"
2025-11-04,2025-11-05,Hotel Poker,€ 59,"7,1"
2025-11-04,2025-11-05,Soul Art Hotel,€ 149,"8,7"
2025-11-04,2025-11-05,Eurostars Hotel Excelsior,€ 200,"8,8"
2025-11-04,2025-11-05,Albergo del Golfo,€ 122,"7,8"
2025-11-04,2025-11-05,Hotel Cesare 14,€ 81,"6,4"
2025-11-04,2025-11-05,Hotel Angioino & Spa,€ 89,"7,9"
2025-11-04,2025-11-05,Exe Majestic,€ 150,"8,3"
2025-11-04,2025-11-05,Hotel Art Resort Galleria Umberto,€ 145,"8,3"
2025-11-04,2025-11-05,Hotel San Paolo,€ 105,"7,8"
2025-11-04,2025-11-05,Palazzo Esedra,€ 201,"8,4"
2025-11-04,2025-11-05,Hotel Cristina,€ 117,"8,7"
2025-11-04,2025-11-05,Hotel Eden,€ 61,"6,9"
2025-11-04,2025-11-05,Il Tesoro Smart Suite & SPA,€ 93,"8,6"
2025-11-04,2025-11-05,Hotel Vergilius Billia,€ 109,"7,5"
2025-11-04,2025-11-05,Caravaggio Hotel,€ 107,"7,4"
2025-11-04,2025-11-05,Rex Lifestyle Hotel,€ 161,"8,9"
2025-11-04,2025-11-05,Hotel Miravalle,€ 76,"6,6"
2025-11-04,2025-11-05,Hotel Futura Centro Congressi,€ 98,"7,8"
2025-11-04,2025-11-05,UNA Hotels Napoli,€ 217,"8,4"
2025-11-04,2025-11-05,Ramada by Wyndham Naples,€ 147,"7,7"
2025-11-04,2025-11-05,Hotel des Artistes,€ 95,"7,4"
2025-11-04,2025-11-05,MH Design Hotel,€ 129,"7,8"
2025-11-04,2025-11-05,Capodichino International Hotel,€ 92,"6,9"
2025-11-04,2025-11-05,Hotel Mergellina,€ 105,"7,9"
2025-11-05,2025-11-06,Relais Castel Nuovo,€ 141,"9,3"
2025-11-05,2025-11-06,Ibis Styles Napoli Garibaldi,€ 108,"8,0"
2025-11-05,2025-11-06,Hotel Poker,€ 60,"7,1"
2025-11-05,2025-11-06,Soul Art Hotel,€ 106,"8,7"
2025-11-05,2025-11-06,Hotel Colombo,€ 49,"7,7"
2025-11-05,2025-11-06,Eurostars Hotel Excelsior,€ 210,"8,8"
2025-11-05,2025-11-06,Albergo del Golfo,€ 122,"7,8"
2025-11-05,2025-11-06,Hotel Cesare 14,€ 81,"6,4"
2025-11-05,2025-11-06,Hotel Angioino & Spa,€ 109,"7,9"
2025-11-05,2025-11-06,Exe Majestic,€ 157,"8,3"
2025-11-05,2025-11-06,Hotel Art Resort Galleria Umberto,€ 146,"8,3"
2025-11-05,2025-11-06,Hotel San Paolo,€ 83,"7,8"
2025-11-05,2025-11-06,Palazzo Esedra,€ 116,"8,4"
2025-11-05,2025-11-06,Hotel Cristina,€ 94,"8,7"
2025-11-05,2025-11-06,Schilizzi Hotel,€ 73,"8,2"
2025-11-05,2025-11-06,Hotel Eden,€ 59,"6,9"
2025-11-05,2025-11-06,Il Tesoro Smart Suite & SPA,€ 106,"8,6"
2025-11-05,2025-11-06,Caravaggio Hotel,€ 109,"7,4"
2025-11-05,2025-11-06,Rex Lifestyle Hotel,€ 150,"8,9"
2025-11-05,2025-11-06,Hotel Miravalle,€ 76,"6,6"
2025-11-05,2025-11-06,Hotel Futura Centro Congressi,€ 100,"7,8"
2025-11-05,2025-11-06,UNA Hotels Napoli,€ 209,"8,4"
2025-11-05,2025-11-06,Ramada by Wyndham Naples,€ 138,"7,7"
2025-11-05,2025-11-06,Hotel des Artistes,€ 159,"7,4"
2025-11-05,2025-11-06,MH Design Hotel,€ 119,"7,8"
2025-11-05,2025-11-06,Capodichino International Hotel,€ 73,"6,9"
2025-11-06,2025-11-07,Relais Castel Nuovo,€ 141,"9,3"
2025-11-06,2025-11-07,Hotel Poker,€ 60,"7,1"
2025-11-06,2025-11-07,Soul Art Hotel,€ 117,"8,7"
2025-11-06,2025-11-07,Hotel Colombo,€ 50,"7,7"
2025-11-06,2025-11-07,Residence e appartamenti Bausan,€ 75,"7,8"
2025-11-06,2025-11-07,Eurostars Hotel Excelsior,€ 206,"8,8"
2025-11-06,2025-11-07,Albergo del Golfo,€ 122,"7,8"
2025-11-06,2025-11-07,Hotel Cesare 14,€ 81,"6,4"
2025-11-06,2025-11-07,Hotel Angioino & Spa,€ 109,"7,9"
2025-11-06,2025-11-07,Exe Majestic,€ 157,"8,3"
2025-11-06,2025-11-07,Hotel Art Resort Galleria Umberto,€ 145,"8,3"
2025-11-06,2025-11-07,Hotel San Paolo,€ 83,"7,8"
2025-11-06,2025-11-07,Palazzo Esedra,€ 142,"8,4"
2025-11-06,2025-11-07,Hotel Cristina,€ 115,"8,7"
2025-11-06,2025-11-07,Schilizzi Hotel,€ 81,"8,2"
2025-11-06,2025-11-07,Hotel Eden,€ 60,"6,9"
2025-11-06,2025-11-07,Il Tesoro Smart Suite & SPA,€ 90,"8,6"
2025-11-06,2025-11-07,Hotel Vergilius Billia,€ 98,"7,5"
2025-11-06,2025-11-07,Caravaggio Hotel,€ 107,"7,4"
2025-11-06,2025-11-07,Rex Lifestyle Hotel,€ 143,"8,9"
2025-11-06,2025-11-07,Hotel Miravalle,€ 76,"6,6"
2025-11-06,2025-11-07,Hotel Piazza Bellini & Apartments,€ 138,"9,0"
2025-11-06,2025-11-07,Hotel Futura Centro Congressi,€ 101,"7,8"
2025-11-06,2025-11-07,UNA Hotels Napoli,€ 206,"8,4"
2025-11-06,2025-11-07,Ramada by Wyndham Naples,€ 147,"7,7"
2025-11-07,2025-11-08,Hotel Poker,€ 111,"7,1"
2025-11-07,2025-11-08,Soul Art Hotel,€ 135,"8,7"
2025-11-07,2025-11-08,Hotel Colombo,€ 92,"7,7"
2025-11-07,2025-11-08,Albergo del Golfo,€ 257,"7,8"
2025-11-07,2025-11-08,Hotel Cesare 14,€ 81,"6,4"
2025-11-07,2025-11-08,Hotel Angioino & Spa,€ 129,"7,9"
2025-11-07,2025-11-08,Hotel Art Resort Galleria Umberto,€ 175,"8,3"
2025-11-07,2025-11-08,Hotel San Paolo,€ 87,"7,8"
2025-11-07,2025-11-08,Palazzo Esedra,€ 187,"8,4"
2025-11-07,2025-11-08,Hotel Eden,€ 60,"6,9"
2025-11-07,2025-11-08,Hotel Vergilius Billia,€ 101,"7,5"
2025-11-07,2025-11-08,Caravaggio Hotel,€ 109,"7,4"
2025-11-07,2025-11-08,Rex Lifestyle Hotel,€ 193,"8,9"
2025-11-07,2025-11-08,Hotel Miravalle,€ 76,"6,6"
2025-11-07,2025-11-08,Hotel Futura Centro Congressi,€ 100,"7,8"
2025-11-07,2025-11-08,UNA Hotels Napoli,€ 266,"8,4"
2025-11-07,2025-11-08,Ramada by Wyndham Naples,€ 152,"7,7"
2025-11-07,2025-11-08,Hotel des Artistes,€ 172,"7,4"
2025-11-07,2025-11-08,MH Design Hotel,€ 139,"7,8"
2025-11-07,2025-11-08,Capodichino International Hotel,€ 73,"6,9"
2025-11-07,2025-11-08,Hotel Mergellina,€ 105,"7,9"
2025-11-07,2025-11-08,NH Napoli Panorama,€ 224,"8,2"
2025-11-07,2025-11-08,Hotel Garden Napoli,€ 85,"7,7"
2025-11-07,2025-11-08,Hotel Neapolis,€ 87,"8,0"
2025-11-07,2025-11-08,Hotel Plebiscito Aparthotel,€ 149,"8,0"
2025-11-08,2025-11-09,Relais Castel Nuovo,€ 139,"9,3"
2025-11-08,2025-11-09,Hotel Poker,€ 59,"7,1"
2025-11-08,2025-11-09,Soul Art Hotel,€ 135,"8,7"
2025-11-08,2025-11-09,Hotel Colombo,€ 92,"7,7"
2025-11-08,2025-11-09,Albergo del Golfo,€ 133,"7,8"
2025-11-08,2025-11-09,Hotel Cesare 14,€ 81,"6,4"
2025-11-08,2025-11-09,Hotel Angioino & Spa,€ 239,"7,9"
2025-11-08,2025-11-09,Exe Majestic,€ 213,"8,3"
2025-11-08,2025-11-09,Hotel San Paolo,€ 105,"7,8"
2025-11-08,2025-11-09,Palazzo Esedra,€ 190,"8,4"
2025-11-08,2025-11-09,Hotel Eden,€ 60,"6,9"
2025-11-08,2025-11-09,Caravaggio Hotel,€ 100,"7,4"
2025-11-08,2025-11-09,Hotel Miravalle,€ 76,"6,6"
2025-11-08,2025-11-09,Hotel Futura Centro Congressi,€ 100,"7,8"
2025-11-08,2025-11-09,UNA Hotels Napoli,€ 248,"8,4"
2025-11-08,2025-11-09,Ramada by Wyndham Naples,€ 152,"7,7"
2025-11-08,2025-11-09,Hotel des Artistes,€ 191,"7,4"
2025-11-08,2025-11-09,Capodichino International Hotel,€ 73,"6,9"
2025-11-08,2025-11-09,NH Napoli Panorama,€ 233,"8,2"
2025-11-08,2025-11-09,Hotel Plebiscito Aparthotel,€ 175,"8,0"
2025-11-08,2025-11-09,Holiday Inn Naples by IHG,€ 181,"7,8"
2025-11-08,2025-11-09,Ideal City Walk,€ 124,"8,1"
2025-11-08,2025-11-09,Hotel del Real Orto Botanico,€ 100,"7,2"
2025-11-08,2025-11-09,Gold Tower Lifestyle Hotel,€ 203,"9,0"
2025-11-08,2025-11-09,Hotel Diamond,€ 88,"7,7"
2025-11-09,2025-11-10,Relais Castel Nuovo,€ 124,"9,3"
2025-11-09,2025-11-10,Hotel Poker,€ 60,"7,1"
2025-11-09,2025-11-10,Soul Art Hotel,€ 105,"8,7"
2025-11-09,2025-11-10,Eurostars Hotel Excelsior,€ 200,"8,8"
2025-11-09,2025-11-10,Albergo del Golfo,€ 122,"7,8"
2025-11-09,2025-11-10,Hotel Cesare 14,€ 81,"6,4"
2025-11-09,2025-11-10,Hotel Angioino & Spa,€ 109,"7,9"
2025-11-09,2025-11-10,Exe Majestic,€ 110,"8,3"
2025-11-09,2025-11-10,Hotel Art Resort Galleria Umberto,€ 139,"8,3"
2025-11-09,2025-11-10,Hotel San Paolo,€ 105,"7,8"
2025-11-09,2025-11-10,Palazzo Esedra,€ 236,"8,4"
2025-11-09,2025-11-10,Hotel Cristina,€ 94,"8,7"
2025-11-09,2025-11-10,Schilizzi Hotel,€ 74,"8,2"
2025-11-09,2025-11-10,Hotel Eden,€ 60,"6,9"
2025-11-09,2025-11-10,Il Tesoro Smart Suite & SPA,€ 90,"8,6"
2025-11-09,2025-11-10,Hotel Vergilius Billia,€ 140,"7,5"
2025-11-09,2025-11-10,Caravaggio Hotel,€ 101,"7,4"
2025-11-09,2025-11-10,Rex Lifestyle Hotel,€ 125,"8,9"
2025-11-09,2025-11-10,Hotel Miravalle,€ 76,"6,6"
2025-11-09,2025-11-10,Hotel Piazza Bellini & Apartments,€ 128,"9,0"
2025-11-09,2025-11-10,Hotel Futura Centro Congressi,€ 97,"7,8"
2025-11-09,2025-11-10,UNA Hotels Napoli,€ 213,"8,4"
2025-11-09,2025-11-10,Ramada by Wyndham Naples,€ 245,"7,7"
2025-11-09,2025-11-10,Hotel des Artistes,€ 101,"7,4"
2025-11-09,2025-11-10,MH Design Hotel,€ 104,"7,8"
2025-11-10,2025-11-11,Relais Castel Nuovo,€ 109,"9,3"
2025-11-10,2025-11-11,Hotel Poker,€ 59,"7,1"
2025-11-10,2025-11-11,Soul Art Hotel,€ 122,"8,7"
2025-11-10,2025-11-11,Eurostars Hotel Excelsior,€ 200,"8,8"
2025-11-10,2025-11-11,Albergo del Golfo,€ 122,"7,8"
2025-11-10,2025-11-11,Hotel Cesare 14,€ 81,"6,4"
2025-11-10,2025-11-11,Hotel Angioino & Spa,€ 89,"7,9"
2025-11-10,2025-11-11,Exe Majestic,€ 110,"8,3"
2025-11-10,2025-11-11,Hotel Art Resort Galleria Umberto,€ 127,"8,3"
2025-11-10,2025-11-11,Hotel San Paolo,€ 103,"7,8"
2025-11-10,2025-11-11,Palazzo Esedra,€ 123,"8,4"
2025-11-10,2025-11-11,Hotel Cristina,€ 94,"8,7"
2025-11-10,2025-11-11,Schilizzi Hotel,€ 73,"8,2"
2025-11-10,2025-11-11,Hotel Eden,€ 56,"6,9"
2025-11-10,2025-11-11,Il Tesoro Smart Suite & SPA,€ 93,"8,6"
2025-11-10,2025-11-11,Hotel Vergilius Billia,€ 113,"7,5"
2025-11-10,2025-11-11,Caravaggio Hotel,€ 100,"7,4"
2025-11-10,2025-11-11,Rex Lifestyle Hotel,€ 129,"8,9"
2025-11-10,2025-11-11,Hotel Miravalle,€ 76,"6,6"
2025-11-10,2025-11-11,Hotel Piazza Bellini & Apartments,€ 185,"9,0"
2025-11-10,2025-11-11,Hotel Futura Centro Congressi,€ 97,"7,8"
2025-11-10,2025-11-11,UNA Hotels Napoli,€ 189,"8,4"
2025-11-10,2025-11-11,Ramada by Wyndham Naples,€ 248,"7,7"
2025-11-10,2025-11-11,Hotel des Artistes,€ 95,"7,4"
2025-11-10,2025-11-11,MH Design Hotel,€ 149,"7,8"
2025-11-11,2025-11-12,Hotel Poker,€ 60,"7,1"
2025-11-11,2025-11-12,Soul Art Hotel,€ 124,"8,7"
2025-11-11,2025-11-12,Residence e appartamenti Bausan,€ 75,"7,8"
2025-11-11,2025-11-12,Eurostars Hotel Excelsior,€ 200,"8,8"
2025-11-11,2025-11-12,Albergo del Golfo,€ 122,"7,8"
2025-11-11,2025-11-12,Hotel Cesare 14,€ 81,"6,4"
2025-11-11,2025-11-12,Hotel Angioino & Spa,€ 109,"7,9"
2025-11-11,2025-11-12,Exe Majestic,€ 115,"8,3"
2025-11-11,2025-11-12,Hotel Art Resort Galleria Umberto,€ 128,"8,3"
2025-11-11,2025-11-12,Hotel San Paolo,€ 84,"7,8"
2025-11-11,2025-11-12,Palazzo Esedra,€ 111,"8,4"
2025-11-11,2025-11-12,Hotel Cristina,€ 94,"8,7"
2025-11-11,2025-11-12,Hotel Eden,€ 58,"6,9"
2025-11-11,2025-11-12,Il Tesoro Smart Suite & SPA,€ 128,"8,6"
2025-11-11,2025-11-12,Hotel Vergilius Billia,€ 113,"7,5"
2025-11-11,2025-11-12,Caravaggio Hotel,€ 101,"7,4"
2025-11-11,2025-11-12,Rex Lifestyle Hotel,€ 150,"8,9"
2025-11-11,2025-11-12,Hotel Miravalle,€ 76,"6,6"
2025-11-11,2025-11-12,Hotel Futura Centro Congressi,€ 100,"7,8"
2025-11-11,2025-11-12,UNA Hotels Napoli,€ 179,"8,4"
2025-11-11,2025-11-12,Ramada by Wyndham Naples,€ 152,"7,7"
2025-11-11,2025-11-12,Hotel des Artistes,€ 95,"7,4"
2025-11-11,2025-11-12,MH Design Hotel,€ 109,"7,8"
2025-11-11,2025-11-12,Capodichino International Hotel,€ 72,"6,9"
2025-11-11,2025-11-12,Hotel Mergellina,€ 105,"7,9"
2025-11-12,2025-11-13,Hotel Poker,€ 59,"7,1"
2025-11-12,2025-11-13,Hotel Colombo,€ 44,"7,7"
2025-11-12,2025-11-13,Residence e appartamenti Bausan,€ 57,"7,8"
2025-11-12,2025-11-13,Eurostars Hotel Excelsior,€ 200,"8,8"
2025-11-12,2025-11-13,Albergo del Golfo,€ 122,"7,8"
2025-11-12,2025-11-13,Hotel Cesare 14,€ 81,"6,4"
2025-11-12,2025-11-13,Hotel Angioino & Spa,€ 109,"7,9"
2025-11-12,2025-11-13,Exe Majestic,€ 110,"8,3"
2025-11-12,2025-11-13,Hotel Art Resort Galleria Umberto,€ 144,"8,3"
2025-11-12,2025-11-13,Hotel San Paolo,€ 87,"7,8"
2025-11-12,2025-11-13,Palazzo Esedra,€ 111,"8,4"
2025-11-12,2025-11-13,Hotel Cristina,€ 94,"8,7"
2025-11-12,2025-11-13,Schilizzi Hotel,€ 81,"8,2"
2025-11-12,2025-11-13,Hotel Eden,€ 60,"6,9"
2025-11-12,2025-11-13,Il Tesoro Smart Suite & SPA,€ 128,"8,6"
2025-11-12,2025-11-13,Hotel Vergilius Billia,€ 116,"7,5"
2025-11-12,2025-11-13,Caravaggio Hotel,€ 99,"7,4"
2025-11-12,2025-11-13,Rex Lifestyle Hotel,€ 149,"8,9"
2025-11-12,2025-11-13,Hotel Miravalle,€ 76,"6,6"
2025-11-12,2025-11-13,Hotel Piazza Bellini & Apartments,€ 121,"9,0"
2025-11-12,2025-11-13,Hotel Futura Centro Congressi,€ 99,"7,8"
2025-11-12,2025-11-13,UNA Hotels Napoli,€ 200,"8,4"
2025-11-12,2025-11-13,Ramada by Wyndham Naples,€ 152,"7,7"
2025-11-12,2025-11-13,Hotel des Artistes,€ 95,"7,4"
2025-11-12,2025-11-13,MH Design Hotel,€ 109,"7,8"
2025-11-13,2025-11-14,Relais Castel Nuovo,€ 109,"9,3"
2025-11-13,2025-11-14,Hotel Poker,€ 60,"7,1"
2025-11-13,2025-11-14,Hotel Colombo,€ 49,"7,7"
2025-11-13,2025-11-14,Eurostars Hotel Excelsior,€ 181,"8,8"
2025-11-13,2025-11-14,Albergo del Golfo,€ 122,"7,8"
2025-11-13,2025-11-14,Hotel Cesare 14,€ 81,"6,4"
2025-11-13,2025-11-14,Hotel Angioino & Spa,€ 109,"7,9"
2025-11-13,2025-11-14,Exe Majestic,€ 132,"8,3"
2025-11-13,2025-11-14,Hotel Art Resort Galleria Umberto,€ 133,"8,3"
2025-11-13,2025-11-14,Hotel San Paolo,€ 84,"7,8"
2025-11-13,2025-11-14,Palazzo Esedra,€ 123,"8,4"
2025-11-13,2025-11-14,Hotel Cristina,€ 94,"8,7"
2025-11-13,2025-11-14,Schilizzi Hotel,€ 74,"8,2"
2025-11-13,2025-11-14,Hotel Eden,€ 60,"6,9"
2025-11-13,2025-11-14,Il Tesoro Smart Suite & SPA,€ 102,"8,6"
2025-11-13,2025-11-14,Hotel Vergilius Billia,€ 116,"7,5"
2025-11-13,2025-11-14,Caravaggio Hotel,€ 101,"7,4"
2025-11-13,2025-11-14,Rex Lifestyle Hotel,€ 161,"8,9"
2025-11-13,2025-11-14,Hotel Miravalle,€ 76,"6,6"
2025-11-13,2025-11-14,Hotel Piazza Bellini & Apartments,€ 147,"9,0"
2025-11-13,2025-11-14,Hotel Futura Centro Congressi,€ 99,"7,8"
2025-11-13,2025-11-14,UNA Hotels Napoli,€ 245,"8,4"
2025-11-13,2025-11-14,Ramada by Wyndham Naples,€ 205,"7,7"
2025-11-13,2025-11-14,Hotel des Artistes,€ 95,"7,4"
2025-11-13,2025-11-14,MH Design Hotel,€ 139,"7,8"
2025-11-14,2025-11-15,Relais Castel Nuovo,€ 142,"9,3"
2025-11-14,2025-11-15,Hotel Poker,€ 60,"7,1"
2025-11-14,2025-11-15,Hotel Colombo,€ 78,"7,7"
2025-11-14,2025-11-15,Eurostars Hotel Excelsior,€ 297,"8,8"
2025-11-14,2025-11-15,Albergo del Golfo,€ 133,"7,8"
2025-11-14,2025-11-15,Hotel Cesare 14,€ 81,"6,4"
2025-11-14,2025-11-15,Hotel Angioino & Spa,€ 109,"7,9"
2025-11-14,2025-11-15,Exe Majestic,€ 189,"8,3"
2025-11-14,2025-11-15,Hotel Art Resort Galleria Umberto,€ 214,"8,3"
2025-11-14,2025-11-15,Hotel San Paolo,€ 88,"7,8"
2025-11-14,2025-11-15,Palazzo Esedra,€ 131,"8,4"
2025-11-14,2025-11-15,Hotel Cristina,€ 103,"8,7"
2025-11-14,2025-11-15,Schilizzi Hotel,€ 105,"8,2"
2025-11-14,2025-11-15,Hotel Eden,€ 58,"6,9"
2025-11-14,2025-11-15,Il Tesoro Smart Suite & SPA,€ 106,"8,6"
2025-11-14,2025-11-15,Caravaggio Hotel,€ 99,"7,4"
2025-11-14,2025-11-15,Rex Lifestyle Hotel,€ 160,"8,9"
2025-11-14,2025-11-15,Hotel Miravalle,€ 76,"6,6"
2025-11-14,2025-11-15,Hotel Futura Centro Congressi,€ 99,"7,8"
2025-11-14,2025-11-15,Hotel des Artistes,€ 98,"7,4"
2025-11-14,2025-11-15,Capodichino International Hotel,€ 84,"6,9"
2025-11-14,2025-11-15,Hotel Mergellina,€ 105,"7,9"
2025-11-14,2025-11-15,Hotel Garden Napoli,€ 97,"7,7"
2025-11-14,2025-11-15,Hotel Neapolis,€ 91,"8,0"
2025-11-14,2025-11-15,Hotel Plebiscito Aparthotel,€ 158,"8,0"
2025-11-15,2025-11-16,Hotel Poker,€ 77,"7,1"
2025-11-15,2025-11-16,Soul Art Hotel,€ 239,"8,7"
2025-11-15,2025-11-16,Eurostars Hotel Excelsior,€ 208,"8,8"
2025-11-15,2025-11-16,Albergo del Golfo,€ 133,"7,8"
2025-11-15,2025-11-16,Hotel Cesare 14,€ 81,"6,4"
2025-11-15,2025-11-16,Hotel Angioino & Spa,€ 159,"7,9"
2025-11-15,2025-11-16,Exe Majestic,€ 159,"8,3"
2025-11-15,2025-11-16,Hotel San Paolo,€ 129,"7,8"
2025-11-15,2025-11-16,Palazzo Esedra,€ 128,"8,4"
2025-11-15,2025-11-16,Hotel Cristina,€ 95,"8,7"
2025-11-15,2025-11-16,Schilizzi Hotel,€ 122,"8,2"
2025-11-15,2025-11-16,Hotel Eden,€ 60,"6,9"
2025-11-15,2025-11-16,Hotel Vergilius Billia,€ 124,"7,5"
2025-11-15,2025-11-16,Caravaggio Hotel,€ 101,"7,4"
2025-11-15,2025-11-16,Hotel Miravalle,€ 76,"6,6"
2025-11-15,2025-11-16,Hotel Futura Centro Congressi,€ 98,"7,8"
2025-11-15,2025-11-16,UNA Hotels Napoli,€ 217,"8,4"
2025-11-15,2025-11-16,Ramada by Wyndham Naples,€ 152,"7,7"
2025-11-15,2025-11-16,Hotel des Artistes,€ 101,"7,4"
2025-11-15,2025-11-16,Capodichino International Hotel,€ 75,"6,9"
2025-11-15,2025-11-16,Hotel Mergellina,€ 105,"7,9"
2025-11-15,2025-11-16,NH Napoli Panorama,€ 155,"8,2"
2025-11-15,2025-11-16,Hotel Garden Napoli,€ 95,"7,7"
2025-11-15,2025-11-16,Sweet Sleep Studios,€ 134,"8,3"
2025-11-15,2025-11-16,Hotel Plebiscito Aparthotel,€ 158,"8,0"
2025-11-16,2025-11-17,Relais Castel Nuovo,€ 109,"9,3"
2025-11-16,2025-11-17,Hotel Poker,€ 77,"7,1"
2025-11-16,2025-11-17,Soul Art Hotel,€ 124,"8,7"
2025-11-16,2025-11-17,Hotel Colombo,€ 89,"7,7"
2025-11-16,2025-11-17,Eurostars Hotel Excelsior,€ 181,"8,8"
2025-11-16,2025-11-17,Albergo del Golfo,€ 122,"7,8"
2025-11-16,2025-11-17,Hotel Cesare 14,€ 81,"6,4"
2025-11-16,2025-11-17,Hotel Angioino & Spa,€ 129,"7,9"
2025-11-16,2025-11-17,Exe Majestic,€ 104,"8,3"
2025-11-16,2025-11-17,Hotel Art Resort Galleria Umberto,€ 191,"8,3"
2025-11-16,2025-11-17,Hotel San Paolo,€ 101,"7,8"
2025-11-16,2025-11-17,Palazzo Esedra,€ 217,"8,4"
2025-11-16,2025-11-17,Hotel Cristina,€ 93,"8,7"
2025-11-16,2025-11-17,Schilizzi Hotel,€ 73,"8,2"
2025-11-16,2025-11-17,Hotel Eden,€ 58,"6,9"
2025-11-16,2025-11-17,Il Tesoro Smart Suite & SPA,€ 90,"8,6"
2025-11-16,2025-11-17,Hotel Vergilius Billia,€ 75,"7,5"
2025-11-16,2025-11-17,Caravaggio Hotel,€ 100,"7,4"
2025-11-16,2025-11-17,Rex Lifestyle Hotel,€ 125,"8,9"
2025-11-16,2025-11-17,Hotel Miravalle,€ 76,"6,6"
2025-11-16,2025-11-17,Hotel Piazza Bellini & Apartments,€ 147,"9,0"
2025-11-16,2025-11-17,Hotel Futura Centro Congressi,€ 130,"7,8"
2025-11-16,2025-11-17,UNA Hotels Napoli,€ 179,"8,4"
2025-11-16,2025-11-17,Ramada by Wyndham Naples,€ 125,"7,7"
2025-11-16,2025-11-17,Hotel des Artistes,€ 95,"7,4"
2025-11-17,2025-11-18,Relais Castel Nuovo,€ 109,"9,3"
2025-11-17,2025-11-18,Hotel Poker,€ 60,"7,1"
2025-11-17,2025-11-18,Soul Art Hotel,€ 105,"8,7"
2025-11-17,2025-11-18,Hotel Colombo,€ 89,"7,7"
2025-11-17,2025-11-18,Eurostars Hotel Excelsior,€ 181,"8,8"
2025-11-17,2025-11-18,Albergo del Golfo,€ 122,"7,8"
2025-11-17,2025-11-18,Hotel Cesare 14,€ 81,"6,4"
2025-11-17,2025-11-18,Hotel Angioino & Spa,€ 109,"7,9"
2025-11-17,2025-11-18,Exe Majestic,€ 141,"8,3"
2025-11-17,2025-11-18,Hotel Art Resort Galleria Umberto,€ 133,"8,3"
2025-11-17,2025-11-18,Hotel San Paolo,€ 84,"7,8"
2025-11-17,2025-11-18,Palazzo Esedra,€ 121,"8,4"
2025-11-17,2025-11-18,Hotel Cristina,€ 94,"8,7"
2025-11-17,2025-11-18,Schilizzi Hotel,€ 81,"8,2"
2025-11-17,2025-11-18,Hotel Eden,€ 61,"6,9"
2025-11-17,2025-11-18,Il Tesoro Smart Suite & SPA,€ 90,"8,6"
2025-11-17,2025-11-18,Hotel Vergilius Billia,€ 82,"7,5"
2025-11-17,2025-11-18,Caravaggio Hotel,€ 101,"7,4"
2025-11-17,2025-11-18,Rex Lifestyle Hotel,€ 127,"8,9"
2025-11-17,2025-11-18,Hotel Miravalle,€ 76,"6,6"
2025-11-17,2025-11-18,Hotel Piazza Bellini & Apartments,€ 119,"9,0"
2025-11-17,2025-11-18,Hotel Futura Centro Congressi,€ 99,"7,8"
2025-11-17,2025-11-18,UNA Hotels Napoli,€ 223,"8,4"
2025-11-17,2025-11-18,Ramada by Wyndham Naples,€ 152,"7,7"
2025-11-17,2025-11-18,Hotel des Artistes,€ 95,"7,4"
2025-11-18,2025-11-19,Relais Castel Nuovo,€ 109,"9,3"
2025-11-18,2025-11-19,Hotel Poker,€ 77,"7,1"
2025-11-18,2025-11-19,Soul Art Hotel,€ 105,"8,7"
2025-11-18,2025-11-19,Eurostars Hotel Excelsior,€ 181,"8,8"
2025-11-18,2025-11-19,Albergo del Golfo,€ 122,"7,8"
2025-11-18,2025-11-19,Hotel Cesare 14,€ 81,"6,4"
2025-11-18,2025-11-19,Hotel Angioino & Spa,€ 109,"7,9"
2025-11-18,2025-11-19,Exe Majestic,€ 127,"8,3"
2025-11-18,2025-11-19,Hotel Art Resort Galleria Umberto,€ 144,"8,3"
2025-11-18,2025-11-19,Hotel San Paolo,€ 84,"7,8"
2025-11-18,2025-11-19,Palazzo Esedra,€ 111,"8,4"
2025-11-18,2025-11-19,Hotel Cristina,€ 93,"8,7"
2025-11-18,2025-11-19,Schilizzi Hotel,€ 81,"8,2"
2025-11-18,2025-11-19,Hotel Eden,€ 57,"6,9"
2025-11-18,2025-11-19,Il Tesoro Smart Suite & SPA,€ 90,"8,6"
2025-11-18,2025-11-19,Hotel Vergilius Billia,€ 98,"7,5"
2025-11-18,2025-11-19,Caravaggio Hotel,€ 100,"7,4"
2025-11-18,2025-11-19,Rex Lifestyle Hotel,€ 124,"8,9"
2025-11-18,2025-11-19,Hotel Miravalle,€ 76,"6,6"
2025-11-18,2025-11-19,Hotel Piazza Bellini & Apartments,€ 148,"9,0"
2025-11-18,2025-11-19,Hotel Futura Centro Congressi,€ 102,"7,8"
2025-11-18,2025-11-19,UNA Hotels Napoli,€ 206,"8,4"
2025-11-18,2025-11-19,Ramada by Wyndham Naples,€ 152,"7,7"
2025-11-18,2025-11-19,Hotel des Artistes,€ 95,"7,4"
2025-11-18,2025-11-19,MH Design Hotel,€ 145,"7,8"
2025-11-19,2025-11-20,Hotel Poker,€ 77,"7,1"
2025-11-19,2025-11-20,Soul Art Hotel,€ 136,"8,7"
2025-11-19,2025-11-20,Hotel Colombo,€ 89,"7,7"
2025-11-19,2025-11-20,Eurostars Hotel Excelsior,€ 181,"8,8"
2025-11-19,2025-11-20,Albergo del Golfo,€ 122,"7,8"
2025-11-19,2025-11-20,Hotel Cesare 14,€ 81,"6,4"
2025-11-19,2025-11-20,Hotel Angioino & Spa,€ 89,"7,9"
2025-11-19,2025-11-20,Exe Majestic,€ 109,"8,3"
2025-11-19,2025-11-20,Hotel Art Resort Galleria Umberto,€ 144,"8,3"
2025-11-19,2025-11-20,Hotel San Paolo,€ 101,"7,8"
2025-11-19,2025-11-20,Palazzo Esedra,€ 131,"8,4"
2025-11-19,2025-11-20,Hotel Cristina,€ 123,"8,7"
2025-11-19,2025-11-20,Schilizzi Hotel,€ 91,"8,2"
2025-11-19,2025-11-20,Hotel Eden,€ 69,"6,9"
2025-11-19,2025-11-20,Il Tesoro Smart Suite & SPA,€ 102,"8,6"
2025-11-19,2025-11-20,Hotel Vergilius Billia,€ 91,"7,5"
2025-11-19,2025-11-20,Caravaggio Hotel,€ 113,"7,4"
2025-11-19,2025-11-20,Rex Lifestyle Hotel,€ 149,"8,9"
2025-11-19,2025-11-20,Hotel Miravalle,€ 76,"6,6"
2025-11-19,2025-11-20,Hotel Piazza Bellini & Apartments,€ 125,"9,0"
2025-11-19,2025-11-20,Hotel Futura Centro Congressi,€ 130,"7,8"
2025-11-19,2025-11-20,UNA Hotels Napoli,€ 178,"8,4"
2025-11-19,2025-11-20,Ramada by Wyndham Naples,€ 152,"7,7"
2025-11-19,2025-11-20,Hotel des Artistes,€ 95,"7,4"
2025-11-19,2025-11-20,MH Design Hotel,€ 104,"7,8"
2025-11-20,2025-11-21,Hotel Poker,€ 77,"7,1"
2025-11-20,2025-11-21,Soul Art Hotel,€ 136,"8,7"
2025-11-20,2025-11-21,Hotel Colombo,€ 89,"7,7"
2025-11-20,2025-11-21,Eurostars Hotel Excelsior,€ 181,"8,8"
2025-11-20,2025-11-21,Albergo del Golfo,€ 122,"7,8"
2025-11-20,2025-11-21,Hotel Cesare 14,€ 81,"6,4"
2025-11-20,2025-11-21,Hotel Angioino & Spa,€ 89,"7,9"
2025-11-20,2025-11-21,Exe Majestic,€ 104,"8,3"
2025-11-20,2025-11-21,Hotel Art Resort Galleria Umberto,€ 144,"8,3"
2025-11-20,2025-11-21,Hotel San Paolo,€ 101,"7,8"
2025-11-20,2025-11-21,Palazzo Esedra,€ 131,"8,4"
2025-11-20,2025-11-21,Hotel Cristina,€ 123,"8,7"
2025-11-20,2025-11-21,Schilizzi Hotel,€ 91,"8,2"
2025-11-20,2025-11-21,Hotel Eden,€ 69,"6,9"
2025-11-20,2025-11-21,Il Tesoro Smart Suite & SPA,€ 102,"8,6"
2025-11-20,2025-11-21,Hotel Vergilius Billia,€ 84,"7,5"
2025-11-20,2025-11-21,Caravaggio Hotel,€ 113,"7,4"
2025-11-20,2025-11-21,Rex Lifestyle Hotel,€ 149,"8,9"
2025-11-20,2025-11-21,Hotel Miravalle,€ 76,"6,6"
2025-11-20,2025-11-21,Hotel Piazza Bellini & Apartments,€ 158,"9,0"
2025-11-20,2025-11-21,Hotel Futura Centro Congressi,€ 130,"7,8"
2025-11-20,2025-11-21,UNA Hotels Napoli,€ 162,"8,4"
2025-11-20,2025-11-21,Ramada by Wyndham Naples,€ 152,"7,7"
2025-11-20,2025-11-21,Hotel des Artistes,€ 95,"7,4"
2025-11-20,2025-11-21,MH Design Hotel,€ 109,"7,8"
2025-11-21,2025-11-22,Hotel Poker,€ 77,"7,1"
2025-11-21,2025-11-22,Soul Art Hotel,€ 177,"8,7"
2025-11-21,2025-11-22,Hotel Colombo,€ 89,"7,7"
2025-11-21,2025-11-22,Eurostars Hotel Excelsior,€ 210,"8,8"
2025-11-21,2025-11-22,Albergo del Golfo,€ 133,"7,8"
2025-11-21,2025-11-22,Hotel Cesare 14,€ 81,"6,4"
2025-11-21,2025-11-22,Hotel Angioino & Spa,€ 109,"7,9"
2025-11-21,2025-11-22,Exe Majestic,€ 122,"8,3"
2025-11-21,2025-11-22,Hotel Art Resort Galleria Umberto,€ 170,"8,3"
2025-11-21,2025-11-22,Hotel San Paolo,€ 106,"7,8"
2025-11-21,2025-11-22,Palazzo Esedra,€ 150,"8,4"
2025-11-21,2025-11-22,Hotel Cristina,€ 113,"8,7"
2025-11-21,2025-11-22,Schilizzi Hotel,€ 111,"8,2"
2025-11-21,2025-11-22,Hotel Eden,€ 69,"6,9"
2025-11-21,2025-11-22,Hotel Vergilius Billia,€ 84,"7,5"
2025-11-21,2025-11-22,Caravaggio Hotel,€ 131,"7,4"
2025-11-21,2025-11-22,Rex Lifestyle Hotel,€ 189,"8,9"
2025-11-21,2025-11-22,Hotel Miravalle,€ 76,"6,6"
2025-11-21,2025-11-22,Hotel Piazza Bellini & Apartments,€ 213,"9,0"
2025-11-21,2025-11-22,Hotel Futura Centro Congressi,€ 130,"7,8"
2025-11-21,2025-11-22,Ramada by Wyndham Naples,€ 169,"7,7"
2025-11-21,2025-11-22,Hotel des Artistes,€ 98,"7,4"
2025-11-21,2025-11-22,MH Design Hotel,€ 139,"7,8"
2025-11-21,2025-11-22,Capodichino International Hotel,€ 92,"6,9"
2025-11-21,2025-11-22,Hotel Mergellina,€ 105,"7,9"
2025-11-22,2025-11-23,Relais Castel Nuovo,€ 139,"9,3"
2025-11-22,2025-11-23,Hotel Poker,€ 77,"7,1"
2025-11-22,2025-11-23,Soul Art Hotel,€ 177,"8,7"
2025-11-22,2025-11-23,Hotel Colombo,€ 89,"7,7"
2025-11-22,2025-11-23,Eurostars Hotel Excelsior,€ 199,"8,8"
2025-11-22,2025-11-23,Albergo del Golfo,€ 133,"7,8"
2025-11-22,2025-11-23,Hotel Cesare 14,€ 81,"6,4"
2025-11-22,2025-11-23,Hotel Angioino & Spa,€ 159,"7,9"
2025-11-22,2025-11-23,Exe Majestic,€ 136,"8,3"
2025-11-22,2025-11-23,Hotel Art Resort Galleria Umberto,€ 241,"8,3"
2025-11-22,2025-11-23,Hotel San Paolo,€ 106,"7,8"
2025-11-22,2025-11-23,Palazzo Esedra,€ 150,"8,4"
2025-11-22,2025-11-23,Hotel Cristina,€ 133,"8,7"
2025-11-22,2025-11-23,Schilizzi Hotel,€ 135,"8,2"
2025-11-22,2025-11-23,Hotel Eden,€ 69,"6,9"
2025-11-22,2025-11-23,Hotel Miravalle,€ 76,"6,6"
2025-11-22,2025-11-23,Hotel Futura Centro Congressi,€ 130,"7,8"
2025-11-22,2025-11-23,UNA Hotels Napoli,€ 188,"8,4"
2025-11-22,2025-11-23,Ramada by Wyndham Naples,€ 169,"7,7"
2025-11-22,2025-11-23,Hotel des Artistes,€ 111,"7,4"
2025-11-22,2025-11-23,MH Design Hotel,€ 149,"7,8"
2025-11-22,2025-11-23,Capodichino International Hotel,€ 92,"6,9"
2025-11-22,2025-11-23,Hotel Mergellina,€ 105,"7,9"
2025-11-22,2025-11-23,NH Napoli Panorama,€ 198,"8,2"
2025-11-22,2025-11-23,Hotel Garden Napoli,€ 95,"7,7"
2025-11-23,2025-11-24,Relais Castel Nuovo,€ 124,"9,3"
2025-11-23,2025-11-24,Hotel Poker,€ 77,"7,1"
2025-11-23,2025-11-24,Soul Art Hotel,€ 177,"8,7"
2025-11-23,2025-11-24,Hotel Colombo,€ 89,"7,7"
2025-11-23,2025-11-24,Eurostars Hotel Excelsior,€ 181,"8,8"
2025-11-23,2025-11-24,Albergo del Golfo,€ 125,"7,8"
2025-11-23,2025-11-24,Hotel Cesare 14,€ 81,"6,4"
2025-11-23,2025-11-24,Hotel Angioino & Spa,€ 89,"7,9"
2025-11-23,2025-11-24,Exe Majestic,€ 110,"8,3"
2025-11-23,2025-11-24,Hotel Art Resort Galleria Umberto,€ 157,"8,3"
2025-11-23,2025-11-24,Hotel San Paolo,€ 106,"7,8"
2025-11-23,2025-11-24,Palazzo Esedra,€ 166,"8,4"
2025-11-23,2025-11-24,Hotel Cristina,€ 113,"8,7"
2025-11-23,2025-11-24,Schilizzi Hotel,€ 95,"8,2"
2025-11-23,2025-11-24,Hotel Eden,€ 69,"6,9"
2025-11-23,2025-11-24,Il Tesoro Smart Suite & SPA,€ 102,"8,6"
2025-11-23,2025-11-24,Hotel Vergilius Billia,€ 84,"7,5"
2025-11-23,2025-11-24,Caravaggio Hotel,€ 113,"7,4"
2025-11-23,2025-11-24,Rex Lifestyle Hotel,€ 149,"8,9"
2025-11-23,2025-11-24,Hotel Miravalle,€ 76,"6,6"
2025-11-23,2025-11-24,Hotel Piazza Bellini & Apartments,€ 141,"9,0"
2025-11-23,2025-11-24,Hotel Futura Centro Congressi,€ 130,"7,8"
2025-11-23,2025-11-24,UNA Hotels Napoli,€ 211,"8,4"
2025-11-23,2025-11-24,Ramada by Wyndham Naples,€ 142,"7,7"
2025-11-23,2025-11-24,Hotel des Artistes,€ 95,"7,4"
2025-11-24,2025-11-25,Relais Castel Nuovo,€ 109,"9,3"
2025-11-24,2025-11-25,Hotel Poker,€ 77,"7,1"
2025-11-24,2025-11-25,Soul Art Hotel,€ 136,"8,7"
2025-11-24,2025-11-25,Hotel Colombo,€ 89,"7,7"
2025-11-24,2025-11-25,Residence e appartamenti Bausan,€ 84,"7,8"
2025-11-24,2025-11-25,Eurostars Hotel Excelsior,€ 181,"8,8"
2025-11-24,2025-11-25,Albergo del Golfo,€ 122,"7,8"
2025-11-24,2025-11-25,Hotel Cesare 14,€ 81,"6,4"
2025-11-24,2025-11-25,Hotel Angioino & Spa,€ 89,"7,9"
2025-11-24,2025-11-25,Exe Majestic,€ 108,"8,3"
2025-11-24,2025-11-25,Hotel San Paolo,€ 97,"7,8"
2025-11-24,2025-11-25,Palazzo Esedra,€ 131,"8,4"
2025-11-24,2025-11-25,Hotel Cristina,€ 113,"8,7"
2025-11-24,2025-11-25,Schilizzi Hotel,€ 81,"8,2"
2025-11-24,2025-11-25,Hotel Eden,€ 69,"6,9"
2025-11-24,2025-11-25,Il Tesoro Smart Suite & SPA,€ 102,"8,6"
2025-11-24,2025-11-25,Hotel Vergilius Billia,€ 75,"7,5"
2025-11-24,2025-11-25,Caravaggio Hotel,€ 113,"7,4"
2025-11-24,2025-11-25,Rex Lifestyle Hotel,€ 149,"8,9"
2025-11-24,2025-11-25,Hotel Miravalle,€ 76,"6,6"
2025-11-24,2025-11-25,Hotel Piazza Bellini & Apartments,€ 119,"9,0"
2025-11-24,2025-11-25,Hotel Futura Centro Congressi,€ 130,"7,8"
2025-11-24,2025-11-25,UNA Hotels Napoli,€ 220,"8,4"
2025-11-24,2025-11-25,Ramada by Wyndham Naples,€ 158,"7,7"
2025-11-24,2025-11-25,Hotel des Artistes,€ 95,"7,4"
2025-11-25,2025-11-26,Relais Castel Nuovo,€ 109,"9,3"
2025-11-25,2025-11-26,Hotel Poker,€ 77,"7,1"
2025-11-25,2025-11-26,Soul Art Hotel,€ 136,"8,7"
2025-11-25,2025-11-26,Eurostars Hotel Excelsior,€ 262,"8,8"
2025-11-25,2025-11-26,Albergo del Golfo,€ 123,"7,8"
2025-11-25,2025-11-26,Hotel Cesare 14,€ 81,"6,4"
2025-11-25,2025-11-26,Hotel Angioino & Spa,€ 89,"7,9"
2025-11-25,2025-11-26,Exe Majestic,€ 146,"8,3"
2025-11-25,2025-11-26,Hotel Art Resort Galleria Umberto,€ 157,"8,3"
2025-11-25,2025-11-26,Hotel San Paolo,€ 116,"7,8"
2025-11-25,2025-11-26,Palazzo Esedra,€ 222,"8,4"
2025-11-25,2025-11-26,Hotel Cristina,€ 183,"8,7"
2025-11-25,2025-11-26,Schilizzi Hotel,€ 91,"8,2"
2025-11-25,2025-11-26,Hotel Eden,€ 69,"6,9"
2025-11-25,2025-11-26,Il Tesoro Smart Suite & SPA,€ 102,"8,6"
2025-11-25,2025-11-26,Hotel Vergilius Billia,€ 162,"7,5"
2025-11-25,2025-11-26,Caravaggio Hotel,€ 113,"7,4"
2025-11-25,2025-11-26,Hotel Miravalle,€ 76,"6,6"
2025-11-25,2025-11-26,Hotel Piazza Bellini & Apartments,€ 136,"9,0"
2025-11-25,2025-11-26,Hotel Futura Centro Congressi,€ 130,"7,8"
2025-11-25,2025-11-26,UNA Hotels Napoli,€ 225,"8,4"
2025-11-25,2025-11-26,Ramada by Wyndham Naples,€ 147,"7,7"
2025-11-25,2025-11-26,Hotel des Artistes,€ 95,"7,4"
2025-11-25,2025-11-26,MH Design Hotel,€ 129,"7,8"
2025-11-25,2025-11-26,Capodichino International Hotel,€ 92,"6,9"
2025-11-26,2025-11-27,Relais Castel Nuovo,€ 109,"9,3"
2025-11-26,2025-11-27,Hotel Poker,€ 77,"7,1"
2025-11-26,2025-11-27,Soul Art Hotel,€ 136,"8,7"
2025-11-26,2025-11-27,Albergo del Golfo,€ 137,"7,8"
2025-11-26,2025-11-27,Hotel Cesare 14,€ 81,"6,4"
2025-11-26,2025-11-27,Hotel Angioino & Spa,€ 89,"7,9"
2025-11-26,2025-11-27,Exe Majestic,€ 118,"8,3"
2025-11-26,2025-11-27,Hotel Art Resort Galleria Umberto,€ 136,"8,3"
2025-11-26,2025-11-27,Hotel San Paolo,€ 97,"7,8"
2025-11-26,2025-11-27,Palazzo Esedra,€ 131,"8,4"
2025-11-26,2025-11-27,Hotel Cristina,€ 113,"8,7"
2025-11-26,2025-11-27,Schilizzi Hotel,€ 96,"8,2"
2025-11-26,2025-11-27,Hotel Eden,€ 69,"6,9"
2025-11-26,2025-11-27,Il Tesoro Smart Suite & SPA,€ 102,"8,6"
2025-11-26,2025-11-27,Hotel Vergilius Billia,€ 82,"7,5"
2025-11-26,2025-11-27,Caravaggio Hotel,€ 113,"7,4"
2025-11-26,2025-11-27,Hotel Miravalle,€ 76,"6,6"
2025-11-26,2025-11-27,Hotel Piazza Bellini & Apartments,€ 125,"9,0"
2025-11-26,2025-11-27,Hotel Futura Centro Congressi,€ 130,"7,8"
2025-11-26,2025-11-27,UNA Hotels Napoli,€ 214,"8,4"
2025-11-26,2025-11-27,Ramada by Wyndham Naples,€ 147,"7,7"
2025-11-26,2025-11-27,Hotel des Artistes,€ 95,"7,4"
2025-11-26,2025-11-27,MH Design Hotel,€ 129,"7,8"
2025-11-26,2025-11-27,Capodichino International Hotel,€ 92,"6,9"
2025-11-26,2025-11-27,Hotel Mergellina,€ 105,"7,9"
2025-11-27,2025-11-28,Relais Castel Nuovo,€ 109,"9,3"
2025-11-27,2025-11-28,Hotel Poker,€ 77,"7,1"
2025-11-27,2025-11-28,Soul Art Hotel,€ 136,"8,7"
2025-11-27,2025-11-28,Hotel Colombo,€ 89,"7,7"
2025-11-27,2025-11-28,Eurostars Hotel Excelsior,€ 187,"8,8"
2025-11-27,2025-11-28,Hotel Cesare 14,€ 81,"6,4"
2025-11-27,2025-11-28,Hotel Angioino & Spa,€ 109,"7,9"
2025-11-27,2025-11-28,Exe Majestic,€ 113,"8,3"
2025-11-27,2025-11-28,Hotel Art Resort Galleria Umberto,€ 136,"8,3"
2025-11-27,2025-11-28,Hotel San Paolo,€ 97,"7,8"
2025-11-27,2025-11-28,Hotel Cristina,€ 113,"8,7"
2025-11-27,2025-11-28,Schilizzi Hotel,€ 91,"8,2"
2025-11-27,2025-11-28,Hotel Eden,€ 69,"6,9"
2025-11-27,2025-11-28,Il Tesoro Smart Suite & SPA,€ 102,"8,6"
2025-11-27,2025-11-28,Hotel Vergilius Billia,€ 84,"7,5"
2025-11-27,2025-11-28,Caravaggio Hotel,€ 113,"7,4"
2025-11-27,2025-11-28,Residence e Appartamenti Ascensione,€ 89,"8,1"
2025-11-27,2025-11-28,Hotel Miravalle,€ 76,"6,6"
2025-11-27,2025-11-28,Hotel Piazza Bellini & Apartments,€ 164,"9,0"
2025-11-27,2025-11-28,Hotel Futura Centro Congressi,€ 130,"7,8"
2025-11-27,2025-11-28,UNA Hotels Napoli,€ 188,"8,4"
2025-11-27,2025-11-28,Ramada by Wyndham Naples,€ 173,"7,7"
2025-11-27,2025-11-28,Hotel des Artistes,€ 95,"7,4"
2025-11-27,2025-11-28,MH Design Hotel,€ 129,"7,8"
2025-11-27,2025-11-28,Capodichino International Hotel,€ 92,"6,9"
2025-11-28,2025-11-29,Relais Castel Nuovo,€ 109,"9,3"
2025-11-28,2025-11-29,Hotel Poker,€ 77,"7,1"
2025-11-28,2025-11-29,Soul Art Hotel,€ 150,"8,7"
2025-11-28,2025-11-29,Hotel Colombo,€ 89,"7,7"
2025-11-28,2025-11-29,Eurostars Hotel Excelsior,€ 216,"8,8"
2025-11-28,2025-11-29,Albergo del Golfo,€ 168,"7,8"
2025-11-28,2025-11-29,Hotel Cesare 14,€ 81,"6,4"
2025-11-28,2025-11-29,Hotel Angioino & Spa,€ 109,"7,9"
2025-11-28,2025-11-29,Exe Majestic,€ 118,"8,3"
2025-11-28,2025-11-29,Hotel Art Resort Galleria Umberto,€ 170,"8,3"
2025-11-28,2025-11-29,Hotel San Paolo,€ 97,"7,8"
2025-11-28,2025-11-29,Palazzo Esedra,€ 174,"8,4"
2025-11-28,2025-11-29,Hotel Cristina,€ 113,"8,7"
2025-11-28,2025-11-29,Schilizzi Hotel,€ 111,"8,2"
2025-11-28,2025-11-29,Hotel Eden,€ 69,"6,9"
2025-11-28,2025-11-29,Hotel Vergilius Billia,€ 94,"7,5"
2025-11-28,2025-11-29,Hotel Miravalle,€ 76,"6,6"
2025-11-28,2025-11-29,Hotel Piazza Bellini & Apartments,€ 169,"9,0"
2025-11-28,2025-11-29,Hotel Futura Centro Congressi,€ 130,"7,8"
2025-11-28,2025-11-29,UNA Hotels Napoli,€ 210,"8,4"
2025-11-28,2025-11-29,Ramada by Wyndham Naples,€ 175,"7,7"
2025-11-28,2025-11-29,Hotel des Artistes,€ 98,"7,4"
2025-11-28,2025-11-29,MH Design Hotel,€ 139,"7,8"
2025-11-28,2025-11-29,Capodichino International Hotel,€ 92,"6,9"
2025-11-28,2025-11-29,Hotel Mergellina,€ 105,"7,9"
2025-11-29,2025-11-30,Relais Castel Nuovo,€ 120,"9,3"
2025-11-29,2025-11-30,Soul Art Hotel,€ 150,"8,7"
2025-11-29,2025-11-30,Hotel Colombo,€ 119,"7,7"
2025-11-29,2025-11-30,Eurostars Hotel Excelsior,€ 213,"8,8"
2025-11-29,2025-11-30,Albergo del Golfo,€ 158,"7,8"
2025-11-29,2025-11-30,Hotel Cesare 14,€ 81,"6,4"
2025-11-29,2025-11-30,Hotel Angioino & Spa,€ 159,"7,9"
2025-11-29,2025-11-30,Exe Majestic,€ 118,"8,3"
2025-11-29,2025-11-30,Hotel Art Resort Galleria Umberto,€ 186,"8,3"
2025-11-29,2025-11-30,Hotel San Paolo,€ 116,"7,8"
2025-11-29,2025-11-30,Palazzo Esedra,€ 131,"8,4"
2025-11-29,2025-11-30,Hotel Cristina,€ 133,"8,7"
2025-11-29,2025-11-30,Hotel Eden,€ 69,"6,9"
2025-11-29,2025-11-30,Hotel Vergilius Billia,€ 120,"7,5"
2025-11-29,2025-11-30,Hotel Miravalle,€ 76,"6,6"
2025-11-29,2025-11-30,Hotel Futura Centro Congressi,€ 130,"7,8"
2025-11-29,2025-11-30,UNA Hotels Napoli,€ 194,"8,4"
2025-11-29,2025-11-30,Hotel des Artistes,€ 101,"7,4"
2025-11-29,2025-11-30,MH Design Hotel,€ 139,"7,8"
2025-11-29,2025-11-30,Capodichino International Hotel,€ 92,"6,9"
2025-11-29,2025-11-30,Hotel Mergellina,€ 105,"7,9"
2025-11-29,2025-11-30,NH Napoli Panorama,€ 227,"8,2"
2025-11-29,2025-11-30,Hotel Garden Napoli,€ 85,"7,7"
2025-11-29,2025-11-30,Sweet Sleep Studios,€ 128,"8,3"
2025-11-29,2025-11-30,Hotel Neapolis,€ 109,"8,0"
2025-11-30,2025-12-01,Relais Castel Nuovo,€ 109,"9,3"
2025-11-30,2025-12-01,Hotel Poker,€ 77,"7,1"
2025-11-30,2025-12-01,Soul Art Hotel,€ 136,"8,7"
2025-11-30,2025-12-01,Hotel Colombo,€ 89,"7,7"
2025-11-30,2025-12-01,Eurostars Hotel Excelsior,€ 181,"8,8"
2025-11-30,2025-12-01,Albergo del Golfo,€ 122,"7,8"
2025-11-30,2025-12-01,Hotel Cesare 14,€ 81,"6,4"
2025-11-30,2025-12-01,Hotel Angioino & Spa,€ 89,"7,9"
2025-11-30,2025-12-01,Exe Majestic,€ 100,"8,3"
2025-11-30,2025-12-01,Hotel Art Resort Galleria Umberto,€ 162,"8,3"
2025-11-30,2025-12-01,Hotel San Paolo,€ 116,"7,8"
2025-11-30,2025-12-01,Palazzo Esedra,€ 131,"8,4"
2025-11-30,2025-12-01,Hotel Cristina,€ 133,"8,7"
2025-11-30,2025-12-01,Schilizzi Hotel,€ 91,"8,2"
2025-11-30,2025-12-01,Hotel Eden,€ 69,"6,9"
2025-11-30,2025-12-01,Il Tesoro Smart Suite & SPA,€ 102,"8,6"
2025-11-30,2025-12-01,Hotel Vergilius Billia,€ 72,"7,5"
2025-11-30,2025-12-01,Caravaggio Hotel,€ 113,"7,4"
2025-11-30,2025-12-01,Rex Lifestyle Hotel,€ 128,"8,9"
2025-11-30,2025-12-01,Hotel Miravalle,€ 76,"6,6"
2025-11-30,2025-12-01,Hotel Piazza Bellini & Apartments,€ 136,"9,0"
2025-11-30,2025-12-01,Hotel Futura Centro Congressi,€ 130,"7,8"
2025-11-30,2025-12-01,UNA Hotels Napoli,€ 188,"8,4"
2025-11-30,2025-12-01,Hotel des Artistes,€ 95,"7,4"
2025-11-30,2025-12-01,MH Design Hotel,€ 139,"7,8"
2025-12-01,2025-12-02,Relais Castel Nuovo,€ 109,"9,3"
2025-12-01,2025-12-02,Hotel Poker,€ 98,"7,1"
2025-12-01,2025-12-02,Soul Art Hotel,€ 136,"8,7"
2025-12-01,2025-12-02,Hotel Colombo,€ 89,"7,7"
2025-12-01,2025-12-02,Eurostars Hotel Excelsior,€ 258,"8,8"
2025-12-01,2025-12-02,Albergo del Golfo,€ 159,"7,8"
2025-12-01,2025-12-02,Hotel Cesare 14,€ 81,"6,4"
2025-12-01,2025-12-02,Hotel Angioino & Spa,€ 89,"7,9"
2025-12-01,2025-12-02,Exe Majestic,€ 154,"8,3"
2025-12-01,2025-12-02,Hotel Art Resort Galleria Umberto,€ 136,"8,3"
2025-12-01,2025-12-02,Hotel San Paolo,€ 97,"7,8"
2025-12-01,2025-12-02,Palazzo Esedra,€ 131,"8,4"
2025-12-01,2025-12-02,Hotel Cristina,€ 113,"8,7"
2025-12-01,2025-12-02,Schilizzi Hotel,€ 95,"8,2"
2025-12-01,2025-12-02,Hotel Eden,€ 69,"6,9"
2025-12-01,2025-12-02,Il Tesoro Smart Suite & SPA,€ 111,"8,6"
2025-12-01,2025-12-02,Hotel Vergilius Billia,€ 132,"7,5"
2025-12-01,2025-12-02,Caravaggio Hotel,€ 113,"7,4"
2025-12-01,2025-12-02,Rex Lifestyle Hotel,€ 196,"8,9"
2025-12-01,2025-12-02,Hotel Miravalle,€ 76,"6,6"
2025-12-01,2025-12-02,Hotel Piazza Bellini & Apartments,€ 136,"9,0"
2025-12-01,2025-12-02,Hotel Futura Centro Congressi,€ 130,"7,8"
2025-12-01,2025-12-02,UNA Hotels Napoli,€ 174,"8,4"
2025-12-01,2025-12-02,Hotel des Artistes,€ 95,"7,4"
2025-12-01,2025-12-02,MH Design Hotel,€ 219,"7,8"
2025-12-02,2025-12-03,Relais Castel Nuovo,€ 109,"9,3"
2025-12-02,2025-12-03,Hotel Poker,€ 98,"7,1"
2025-12-02,2025-12-03,Soul Art Hotel,€ 136,"8,7"
2025-12-02,2025-12-03,Eurostars Hotel Excelsior,€ 172,"8,8"
2025-12-02,2025-12-03,Albergo del Golfo,€ 159,"7,8"
2025-12-02,2025-12-03,Hotel Cesare 14,€ 81,"6,4"
2025-12-02,2025-12-03,Hotel Angioino & Spa,€ 89,"7,9"
2025-12-02,2025-12-03,Exe Majestic,€ 154,"8,3"
2025-12-02,2025-12-03,Hotel Art Resort Galleria Umberto,€ 131,"8,3"
2025-12-02,2025-12-03,Hotel San Paolo,€ 97,"7,8"
2025-12-02,2025-12-03,Palazzo Esedra,€ 131,"8,4"
2025-12-02,2025-12-03,Hotel Cristina,€ 113,"8,7"
2025-12-02,2025-12-03,Schilizzi Hotel,€ 95,"8,2"
2025-12-02,2025-12-03,Hotel Eden,€ 69,"6,9"
2025-12-02,2025-12-03,Il Tesoro Smart Suite & SPA,€ 111,"8,6"
2025-12-02,2025-12-03,Hotel Vergilius Billia,€ 132,"7,5"
2025-12-02,2025-12-03,Caravaggio Hotel,€ 113,"7,4"
2025-12-02,2025-12-03,Rex Lifestyle Hotel,€ 145,"8,9"
2025-12-02,2025-12-03,Hotel Miravalle,€ 76,"6,6"
2025-12-02,2025-12-03,Hotel Piazza Bellini & Apartments,€ 136,"9,0"
2025-12-02,2025-12-03,Hotel Futura Centro Congressi,€ 130,"7,8"
2025-12-02,2025-12-03,UNA Hotels Napoli,€ 174,"8,4"
2025-12-02,2025-12-03,Hotel des Artistes,€ 95,"7,4"
2025-12-02,2025-12-03,MH Design Hotel,€ 219,"7,8"
2025-12-02,2025-12-03,Capodichino International Hotel,€ 92,"6,9"
2025-12-03,2025-12-04,Relais Castel Nuovo,€ 109,"9,3"
2025-12-03,2025-12-04,Hotel Poker,€ 98,"7,1"
2025-12-03,2025-12-04,Soul Art Hotel,€ 136,"8,7"
2025-12-03,2025-12-04,Eurostars Hotel Excelsior,€ 172,"8,8"
2025-12-03,2025-12-04,Albergo del Golfo,€ 159,"7,8"
2025-12-03,2025-12-04,Hotel Cesare 14,€ 81,"6,4"
2025-12-03,2025-12-04,Hotel Angioino & Spa,€ 158,"7,9"
2025-12-03,2025-12-04,Exe Majestic,€ 154,"8,3"
2025-12-03,2025-12-04,Hotel Art Resort Galleria Umberto,€ 136,"8,3"
2025-12-03,2025-12-04,Hotel San Paolo,€ 101,"7,8"
2025-12-03,2025-12-04,Palazzo Esedra,€ 131,"8,4"
2025-12-03,2025-12-04,Hotel Cristina,€ 133,"8,7"
2025-12-03,2025-12-04,Schilizzi Hotel,€ 91,"8,2"
2025-12-03,2025-12-04,Hotel Eden,€ 69,"6,9"
2025-12-03,2025-12-04,Il Tesoro Smart Suite & SPA,€ 111,"8,6"
2025-12-03,2025-12-04,Hotel Vergilius Billia,€ 132,"7,5"
2025-12-03,2025-12-04,Caravaggio Hotel,€ 139,"7,4"
2025-12-03,2025-12-04,Rex Lifestyle Hotel,€ 196,"8,9"
2025-12-03,2025-12-04,Hotel Miravalle,€ 76,"6,6"
2025-12-03,2025-12-04,Hotel Piazza Bellini & Apartments,€ 108,"9,0"
2025-12-03,2025-12-04,Hotel Futura Centro Congressi,€ 130,"7,8"
2025-12-03,2025-12-04,UNA Hotels Napoli,€ 174,"8,4"
2025-12-03,2025-12-04,Hotel des Artistes,€ 95,"7,4"
2025-12-03,2025-12-04,MH Design Hotel,€ 219,"7,8"
2025-12-03,2025-12-04,Capodichino International Hotel,€ 92,"6,9"
2025-12-04,2025-12-05,Relais Castel Nuovo,€ 109,"9,3"
2025-12-04,2025-12-05,Hotel Poker,€ 98,"7,1"
2025-12-04,2025-12-05,Soul Art Hotel,€ 136,"8,7"
2025-12-04,2025-12-05,Hotel Colombo,€ 89,"7,7"
2025-12-04,2025-12-05,Eurostars Hotel Excelsior,€ 172,"8,8"
2025-12-04,2025-12-05,Albergo del Golfo,€ 159,"7,8"
2025-12-04,2025-12-05,Hotel Cesare 14,€ 81,"6,4"
2025-12-04,2025-12-05,Hotel Angioino & Spa,€ 158,"7,9"
2025-12-04,2025-12-05,Exe Majestic,€ 154,"8,3"
2025-12-04,2025-12-05,Hotel Art Resort Galleria Umberto,€ 136,"8,3"
2025-12-04,2025-12-05,Hotel San Paolo,€ 97,"7,8"
2025-12-04,2025-12-05,Palazzo Esedra,€ 131,"8,4"
2025-12-04,2025-12-05,Hotel Cristina,€ 123,"8,7"
2025-12-04,2025-12-05,Schilizzi Hotel,€ 91,"8,2"
2025-12-04,2025-12-05,Hotel Eden,€ 69,"6,9"
2025-12-04,2025-12-05,Il Tesoro Smart Suite & SPA,€ 111,"8,6"
2025-12-04,2025-12-05,Hotel Vergilius Billia,€ 116,"7,5"
2025-12-04,2025-12-05,Rex Lifestyle Hotel,€ 196,"8,9"
2025-12-04,2025-12-05,Hotel Miravalle,€ 76,"6,6"
2025-12-04,2025-12-05,Hotel Piazza Bellini & Apartments,€ 158,"9,0"
2025-12-04,2025-12-05,Hotel Futura Centro Congressi,€ 130,"7,8"
2025-12-04,2025-12-05,UNA Hotels Napoli,€ 183,"8,4"
2025-12-04,2025-12-05,Hotel des Artistes,€ 95,"7,4"
2025-12-04,2025-12-05,MH Design Hotel,€ 219,"7,8"
2025-12-04,2025-12-05,Capodichino International Hotel,€ 92,"6,9"
2025-12-05,2025-12-06,Relais Castel Nuovo,€ 131,"9,3"
2025-12-05,2025-12-06,Hotel Poker,€ 146,"7,1"
2025-12-05,2025-12-06,Hotel Colombo,€ 157,"7,7"
2025-12-05,2025-12-06,Eurostars Hotel Excelsior,€ 279,"8,8"
2025-12-05,2025-12-06,Hotel Cesare 14,€ 81,"6,4"
2025-12-05,2025-12-06,Hotel Angioino & Spa,€ 89,"7,9"
2025-12-05,2025-12-06,Exe Majestic,€ 168,"8,3"
2025-12-05,2025-12-06,Hotel Art Resort Galleria Umberto,€ 213,"8,3"
2025-12-05,2025-12-06,Hotel San Paolo,€ 97,"7,8"
2025-12-05,2025-12-06,Palazzo Esedra,€ 131,"8,4"
2025-12-05,2025-12-06,Hotel Cristina,€ 113,"8,7"
2025-12-05,2025-12-06,Schilizzi Hotel,€ 138,"8,2"
2025-12-05,2025-12-06,Hotel Eden,€ 89,"6,9"
2025-12-05,2025-12-06,Il Tesoro Smart Suite & SPA,€ 128,"8,6"
2025-12-05,2025-12-06,Hotel Vergilius Billia,€ 196,"7,5"
2025-12-05,2025-12-06,Hotel Miravalle,€ 76,"6,6"
2025-12-05,2025-12-06,Hotel Piazza Bellini & Apartments,€ 219,"9,0"
2025-12-05,2025-12-06,Hotel Futura Centro Congressi,€ 130,"7,8"
2025-12-05,2025-12-06,Hotel des Artistes,€ 135,"7,4"
2025-12-05,2025-12-06,MH Design Hotel,€ 189,"7,8"
2025-12-05,2025-12-06,Capodichino International Hotel,€ 92,"6,9"
2025-12-05,2025-12-06,NH Napoli Panorama,€ 207,"8,2"
2025-12-05,2025-12-06,Hotel Garden Napoli,€ 218,"7,7"
2025-12-05,2025-12-06,Sweet Sleep Studios,€ 129,"8,3"
2025-12-05,2025-12-06,Best Western Plus Hotel Plaza,€ 170,"8,1"
2025-12-06,2025-12-07,Hotel Poker,€ 146,"7,1"
2025-12-06,2025-12-07,Eurostars Hotel Excelsior,€ 276,"8,8"
2025-12-06,2025-12-07,Hotel Angioino & Spa,€ 188,"7,9"
2025-12-06,2025-12-07,Exe Majestic,€ 256,"8,3"
2025-12-06,2025-12-07,Hotel Art Resort Galleria Umberto,€ 179,"8,3"
2025-12-06,2025-12-07,Hotel San Paolo,€ 116,"7,8"
2025-12-06,2025-12-07,Palazzo Esedra,€ 131,"8,4"
2025-12-06,2025-12-07,Hotel Cristina,€ 133,"8,7"
2025-12-06,2025-12-07,Schilizzi Hotel,€ 184,"8,2"
2025-12-06,2025-12-07,Hotel Eden,€ 89,"6,9"
2025-12-06,2025-12-07,Hotel Miravalle,€ 76,"6,6"
2025-12-06,2025-12-07,Hotel Futura Centro Congressi,€ 130,"7,8"
2025-12-06,2025-12-07,Capodichino International Hotel,€ 92,"6,9"
2025-12-06,2025-12-07,NH Napoli Panorama,€ 215,"8,2"
2025-12-06,2025-12-07,Sweet Sleep Studios,€ 167,"8,3"
2025-12-06,2025-12-07,Best Western Plus Hotel Plaza,€ 170,"8,1"
2025-12-06,2025-12-07,Holiday Inn Naples by IHG,€ 144,"7,8"
2025-12-06,2025-12-07,Ideal City Walk,€ 153,"8,1"
2025-12-06,2025-12-07,Gold Tower Lifestyle Hotel,€ 203,"9,0"
2025-12-06,2025-12-07,Ibis Styles Napoli Garibaldi,€ 150,"8,0"
2025-12-06,2025-12-07,Hotel Diamond,€ 170,"7,7"
2025-12-06,2025-12-07,Smart Hotel Napoli,€ 294,"8,5"
2025-12-06,2025-12-07,Hotel Naples,€ 263,"7,9"
2025-12-06,2025-12-07,Culture Hotel Centro Storico,€ 270,"8,3"
2025-12-06,2025-12-07,Hotel Santa Brigida,€ 274,"6,8"
2025-12-07,2025-12-08,Hotel Poker,€ 224,"7,1"
2025-12-07,2025-12-08,Eurostars Hotel Excelsior,€ 222,"8,8"
2025-12-07,2025-12-08,Hotel Angioino & Spa,€ 178,"7,9"
2025-12-07,2025-12-08,Exe Majestic,€ 172,"8,3"
2025-12-07,2025-12-08,Hotel San Paolo,€ 125,"7,8"
2025-12-07,2025-12-08,Palazzo Esedra,€ 158,"8,4"
2025-12-07,2025-12-08,Hotel Cristina,€ 193,"8,7"
2025-12-07,2025-12-08,Schilizzi Hotel,€ 184,"8,2"
2025-12-07,2025-12-08,Hotel Eden,€ 89,"6,9"
2025-12-07,2025-12-08,Il Tesoro Smart Suite & SPA,€ 154,"8,6"
2025-12-07,2025-12-08,Hotel Miravalle,€ 76,"6,6"
2025-12-07,2025-12-08,Hotel Piazza Bellini & Apartments,€ 303,"9,0"
2025-12-07,2025-12-08,Hotel Futura Centro Congressi,€ 130,"7,8"
2025-12-07,2025-12-08,Hotel des Artistes,€ 144,"7,4"
2025-12-07,2025-12-08,MH Design Hotel,€ 189,"7,8"
2025-12-07,2025-12-08,Capodichino International Hotel,€ 92,"6,9"
2025-12-07,2025-12-08,NH Napoli Panorama,€ 205,"8,2"
2025-12-07,2025-12-08,Sweet Sleep Studios,€ 154,"8,3"
2025-12-07,2025-12-08,Best Western Plus Hotel Plaza,€ 170,"8,1"
2025-12-07,2025-12-08,Holiday Inn Naples by IHG,€ 144,"7,8"
2025-12-07,2025-12-08,Ideal City Walk,€ 153,"8,1"
2025-12-07,2025-12-08,Gold Tower Lifestyle Hotel,€ 213,"9,0"
2025-12-07,2025-12-08,Ibis Styles Napoli Garibaldi,€ 134,"8,0"
2025-12-07,2025-12-08,Hotel Diamond,€ 116,"7,7"
2025-12-07,2025-12-08,Smart Hotel Napoli,€ 294,"8,5"
2025-12-08,2025-12-09,Relais Castel Nuovo,€ 124,"9,3"
2025-12-08,2025-12-09,Hotel Poker,€ 98,"7,1"
2025-12-08,2025-12-09,Hotel Colombo,€ 89,"7,7"
2025-12-08,2025-12-09,Eurostars Hotel Excelsior,€ 172,"8,8"
2025-12-08,2025-12-09,Hotel Cesare 14,€ 81,"6,4"
2025-12-08,2025-12-09,Hotel Angioino & Spa,€ 129,"7,9"
2025-12-08,2025-12-09,Exe Majestic,€ 100,"8,3"
2025-12-08,2025-12-09,Hotel San Paolo,€ 106,"7,8"
2025-12-08,2025-12-09,Palazzo Esedra,€ 150,"8,4"
2025-12-08,2025-12-09,Hotel Cristina,€ 103,"8,7"
2025-12-08,2025-12-09,Schilizzi Hotel,€ 96,"8,2"
2025-12-08,2025-12-09,Hotel Eden,€ 79,"6,9"
2025-12-08,2025-12-09,Il Tesoro Smart Suite & SPA,€ 111,"8,6"
2025-12-08,2025-12-09,Hotel Vergilius Billia,€ 82,"7,5"
2025-12-08,2025-12-09,Caravaggio Hotel,€ 139,"7,4"
2025-12-08,2025-12-09,Rex Lifestyle Hotel,€ 128,"8,9"
2025-12-08,2025-12-09,Hotel Miravalle,€ 76,"6,6"
2025-12-08,2025-12-09,Hotel Piazza Bellini & Apartments,€ 118,"9,0"
2025-12-08,2025-12-09,Hotel Futura Centro Congressi,€ 130,"7,8"
2025-12-08,2025-12-09,UNA Hotels Napoli,€ 174,"8,4"
2025-12-08,2025-12-09,Hotel des Artistes,€ 95,"7,4"
2025-12-08,2025-12-09,MH Design Hotel,€ 189,"7,8"
2025-12-08,2025-12-09,Capodichino International Hotel,€ 92,"6,9"
2025-12-08,2025-12-09,Hotel Mergellina,€ 105,"7,9"
2025-12-08,2025-12-09,NH Napoli Panorama,€ 174,"8,2"
2025-12-09,2025-12-10,Relais Castel Nuovo,€ 142,"9,3"
2025-12-09,2025-12-10,Hotel Poker,€ 98,"7,1"
2025-12-09,2025-12-10,Hotel Colombo,€ 89,"7,7"
2025-12-09,2025-12-10,Eurostars Hotel Excelsior,€ 172,"8,8"
2025-12-09,2025-12-10,Hotel Cesare 14,€ 81,"6,4"
2025-12-09,2025-12-10,Hotel Angioino & Spa,€ 89,"7,9"
2025-12-09,2025-12-10,Exe Majestic,€ 100,"8,3"
2025-12-09,2025-12-10,Hotel San Paolo,€ 97,"7,8"
2025-12-09,2025-12-10,Palazzo Esedra,€ 131,"8,4"
2025-12-09,2025-12-10,Hotel Cristina,€ 103,"8,7"
2025-12-09,2025-12-10,Schilizzi Hotel,€ 91,"8,2"
2025-12-09,2025-12-10,Hotel Eden,€ 69,"6,9"
2025-12-09,2025-12-10,Il Tesoro Smart Suite & SPA,€ 111,"8,6"
2025-12-09,2025-12-10,Hotel Vergilius Billia,€ 75,"7,5"
2025-12-09,2025-12-10,Rex Lifestyle Hotel,€ 128,"8,9"
2025-12-09,2025-12-10,Hotel Miravalle,€ 76,"6,6"
2025-12-09,2025-12-10,Hotel Piazza Bellini & Apartments,€ 118,"9,0"
2025-12-09,2025-12-10,Hotel Futura Centro Congressi,€ 130,"7,8"
2025-12-09,2025-12-10,UNA Hotels Napoli,€ 174,"8,4"
2025-12-09,2025-12-10,Hotel des Artistes,€ 95,"7,4"
2025-12-09,2025-12-10,MH Design Hotel,€ 129,"7,8"
2025-12-09,2025-12-10,Capodichino International Hotel,€ 92,"6,9"
2025-12-09,2025-12-10,Hotel Mergellina,€ 105,"7,9"
2025-12-09,2025-12-10,NH Napoli Panorama,€ 203,"8,2"
2025-12-09,2025-12-10,Hotel Garden Napoli,€ 85,"7,7"
2025-12-10,2025-12-11,Relais Castel Nuovo,€ 109,"9,3"
2025-12-10,2025-12-11,Hotel Poker,€ 98,"7,1"
2025-12-10,2025-12-11,Hotel Colombo,€ 89,"7,7"
2025-12-10,2025-12-11,Eurostars Hotel Excelsior,€ 172,"8,8"
2025-12-10,2025-12-11,Hotel Cesare 14,€ 81,"6,4"
2025-12-10,2025-12-11,Hotel Angioino & Spa,€ 89,"7,9"
2025-12-10,2025-12-11,Exe Majestic,€ 100,"8,3"
2025-12-10,2025-12-11,Hotel San Paolo,€ 97,"7,8"
2025-12-10,2025-12-11,Palazzo Esedra,€ 131,"8,4"
2025-12-10,2025-12-11,Hotel Cristina,€ 103,"8,7"
2025-12-10,2025-12-11,Schilizzi Hotel,€ 91,"8,2"
2025-12-10,2025-12-11,Hotel Eden,€ 69,"6,9"
2025-12-10,2025-12-11,Il Tesoro Smart Suite & SPA,€ 111,"8,6"
2025-12-10,2025-12-11,Hotel Vergilius Billia,€ 82,"7,5"
2025-12-10,2025-12-11,Rex Lifestyle Hotel,€ 128,"8,9"
2025-12-10,2025-12-11,Hotel Miravalle,€ 76,"6,6"
2025-12-10,2025-12-11,Hotel Piazza Bellini & Apartments,€ 128,"9,0"
2025-12-10,2025-12-11,Hotel Futura Centro Congressi,€ 130,"7,8"
2025-12-10,2025-12-11,UNA Hotels Napoli,€ 190,"8,4"
2025-12-10,2025-12-11,Hotel des Artistes,€ 95,"7,4"
2025-12-10,2025-12-11,MH Design Hotel,€ 129,"7,8"
2025-12-10,2025-12-11,Capodichino International Hotel,€ 92,"6,9"
2025-12-10,2025-12-11,Hotel Mergellina,€ 105,"7,9"
2025-12-10,2025-12-11,NH Napoli Panorama,€ 216,"8,2"
2025-12-10,2025-12-11,Hotel Garden Napoli,€ 85,"7,7"
2025-12-11,2025-12-12,Relais Castel Nuovo,€ 124,"9,3"
2025-12-11,2025-12-12,Hotel Poker,€ 98,"7,1"
2025-12-11,2025-12-12,Hotel Colombo,€ 89,"7,7"
2025-12-11,2025-12-12,Eurostars Hotel Excelsior,€ 172,"8,8"
2025-12-11,2025-12-12,Hotel Cesare 14,€ 81,"6,4"
2025-12-11,2025-12-12,Hotel Angioino & Spa,€ 89,"7,9"
2025-12-11,2025-12-12,Exe Majestic,€ 121,"8,3"
2025-12-11,2025-12-12,Hotel San Paolo,€ 97,"7,8"
2025-12-11,2025-12-12,Palazzo Esedra,€ 131,"8,4"
2025-12-11,2025-12-12,Hotel Cristina,€ 103,"8,7"
2025-12-11,2025-12-12,Schilizzi Hotel,€ 91,"8,2"
2025-12-11,2025-12-12,Hotel Eden,€ 69,"6,9"
2025-12-11,2025-12-12,Il Tesoro Smart Suite & SPA,€ 111,"8,6"
2025-12-11,2025-12-12,Hotel Vergilius Billia,€ 98,"7,5"
2025-12-11,2025-12-12,Rex Lifestyle Hotel,€ 128,"8,9"
2025-12-11,2025-12-12,Hotel Miravalle,€ 76,"6,6"
2025-12-11,2025-12-12,Hotel Piazza Bellini & Apartments,€ 133,"9,0"
2025-12-11,2025-12-12,Hotel Futura Centro Congressi,€ 130,"7,8"
2025-12-11,2025-12-12,UNA Hotels Napoli,€ 174,"8,4"
2025-12-11,2025-12-12,Hotel des Artistes,€ 95,"7,4"
2025-12-11,2025-12-12,MH Design Hotel,€ 129,"7,8"
2025-12-11,2025-12-12,Capodichino International Hotel,€ 92,"6,9"
2025-12-11,2025-12-12,Hotel Mergellina,€ 105,"7,9"
2025-12-11,2025-12-12,NH Napoli Panorama,€ 204,"8,2"
2025-12-11,2025-12-12,Hotel Garden Napoli,€ 85,"7,7"
2025-12-12,2025-12-13,Relais Castel Nuovo,€ 139,"9,3"
2025-12-12,2025-12-13,Hotel Poker,€ 117,"7,1"
2025-12-12,2025-12-13,Soul Art Hotel,€ 136,"8,7"
2025-12-12,2025-12-13,Eurostars Hotel Excelsior,€ 235,"8,8"
2025-12-12,2025-12-13,Hotel Cesare 14,€ 81,"6,4"
2025-12-12,2025-12-13,Hotel Angioino & Spa,€ 158,"7,9"
2025-12-12,2025-12-13,Exe Majestic,€ 118,"8,3"
2025-12-12,2025-12-13,Hotel Art Resort Galleria Umberto,€ 144,"8,3"
2025-12-12,2025-12-13,Hotel San Paolo,€ 101,"7,8"
2025-12-12,2025-12-13,Palazzo Esedra,€ 131,"8,4"
2025-12-12,2025-12-13,Schilizzi Hotel,€ 106,"8,2"
2025-12-12,2025-12-13,Hotel Eden,€ 69,"6,9"
2025-12-12,2025-12-13,Il Tesoro Smart Suite & SPA,€ 111,"8,6"
2025-12-12,2025-12-13,Hotel Vergilius Billia,€ 109,"7,5"
2025-12-12,2025-12-13,Residence e Appartamenti Ascensione,€ 89,"8,1"
2025-12-12,2025-12-13,Rex Lifestyle Hotel,€ 128,"8,9"
2025-12-12,2025-12-13,Hotel Miravalle,€ 76,"6,6"
2025-12-12,2025-12-13,Hotel Piazza Bellini & Apartments,€ 168,"9,0"
2025-12-12,2025-12-13,UNA Hotels Napoli,€ 229,"8,4"
2025-12-12,2025-12-13,Hotel des Artistes,€ 98,"7,4"
2025-12-12,2025-12-13,MH Design Hotel,€ 149,"7,8"
2025-12-12,2025-12-13,Capodichino International Hotel,€ 92,"6,9"
2025-12-12,2025-12-13,Hotel Mergellina,€ 116,"7,9"
2025-12-12,2025-12-13,NH Napoli Panorama,€ 183,"8,2"
2025-12-12,2025-12-13,Hotel Garden Napoli,€ 85,"7,7"
2025-12-13,2025-12-14,Relais Castel Nuovo,€ 139,"9,3"
2025-12-13,2025-12-14,Hotel Poker,€ 117,"7,1"
2025-12-13,2025-12-14,Soul Art Hotel,€ 136,"8,7"
2025-12-13,2025-12-14,Eurostars Hotel Excelsior,€ 235,"8,8"
2025-12-13,2025-12-14,Hotel Cesare 14,€ 81,"6,4"
2025-12-13,2025-12-14,Hotel Angioino & Spa,€ 188,"7,9"
2025-12-13,2025-12-14,Exe Majestic,€ 137,"8,3"
2025-12-13,2025-12-14,Hotel Art Resort Galleria Umberto,€ 170,"8,3"
2025-12-13,2025-12-14,Hotel San Paolo,€ 97,"7,8"
2025-12-13,2025-12-14,Palazzo Esedra,€ 131,"8,4"
2025-12-13,2025-12-14,Schilizzi Hotel,€ 117,"8,2"
2025-12-13,2025-12-14,Hotel Eden,€ 89,"6,9"
2025-12-13,2025-12-14,Il Tesoro Smart Suite & SPA,€ 128,"8,6"
2025-12-13,2025-12-14,Hotel Vergilius Billia,€ 120,"7,5"
2025-12-13,2025-12-14,Hotel Miravalle,€ 76,"6,6"
2025-12-13,2025-12-14,Hotel Futura Centro Congressi,€ 130,"7,8"
2025-12-13,2025-12-14,UNA Hotels Napoli,€ 183,"8,4"
2025-12-13,2025-12-14,Hotel des Artistes,€ 111,"7,4"
2025-12-13,2025-12-14,MH Design Hotel,€ 169,"7,8"
2025-12-13,2025-12-14,Capodichino International Hotel,€ 92,"6,9"
2025-12-13,2025-12-14,Hotel Mergellina,€ 116,"7,9"
2025-12-13,2025-12-14,NH Napoli Panorama,€ 176,"8,2"
2025-12-13,2025-12-14,Hotel Garden Napoli,€ 104,"7,7"
2025-12-13,2025-12-14,Sweet Sleep Studios,€ 133,"8,3"
2025-12-13,2025-12-14,Hotel Plebiscito Aparthotel,€ 123,"8,0"
2025-12-14,2025-12-15,Relais Castel Nuovo,€ 139,"9,3"
2025-12-14,2025-12-15,Hotel Poker,€ 98,"7,1"
2025-12-14,2025-12-15,Soul Art Hotel,€ 131,"8,7"
2025-12-14,2025-12-15,Hotel Colombo,€ 89,"7,7"
2025-12-14,2025-12-15,Eurostars Hotel Excelsior,€ 172,"8,8"
2025-12-14,2025-12-15,Hotel Cesare 14,€ 81,"6,4"
2025-12-14,2025-12-15,Hotel Angioino & Spa,€ 158,"7,9"
2025-12-14,2025-12-15,Exe Majestic,€ 100,"8,3"
2025-12-14,2025-12-15,Hotel Art Resort Galleria Umberto,€ 131,"8,3"
2025-12-14,2025-12-15,Hotel San Paolo,€ 97,"7,8"
2025-12-14,2025-12-15,Palazzo Esedra,€ 131,"8,4"
2025-12-14,2025-12-15,Hotel Cristina,€ 83,"8,7"
2025-12-14,2025-12-15,Schilizzi Hotel,€ 91,"8,2"
2025-12-14,2025-12-15,Hotel Eden,€ 69,"6,9"
2025-12-14,2025-12-15,Il Tesoro Smart Suite & SPA,€ 111,"8,6"
2025-12-14,2025-12-15,Hotel Vergilius Billia,€ 75,"7,5"
2025-12-14,2025-12-15,Caravaggio Hotel,€ 113,"7,4"
2025-12-14,2025-12-15,Rex Lifestyle Hotel,€ 222,"8,9"
2025-12-14,2025-12-15,Hotel Miravalle,€ 76,"6,6"
2025-12-14,2025-12-15,Hotel Piazza Bellini & Apartments,€ 118,"9,0"
2025-12-14,2025-12-15,Hotel Futura Centro Congressi,€ 130,"7,8"
2025-12-14,2025-12-15,UNA Hotels Napoli,€ 174,"8,4"
2025-12-14,2025-12-15,Hotel des Artistes,€ 95,"7,4"
2025-12-14,2025-12-15,MH Design Hotel,€ 109,"7,8"
2025-12-14,2025-12-15,Capodichino International Hotel,€ 92,"6,9"
2025-12-15,2025-12-16,Relais Castel Nuovo,€ 139,"9,3"
2025-12-15,2025-12-16,Hotel Poker,€ 98,"7,1"
2025-12-15,2025-12-16,Soul Art Hotel,€ 131,"8,7"
2025-12-15,2025-12-16,Hotel Colombo,€ 89,"7,7"
2025-12-15,2025-12-16,Eurostars Hotel Excelsior,€ 172,"8,8"
2025-12-15,2025-12-16,Hotel Cesare 14,€ 81,"6,4"
2025-12-15,2025-12-16,Hotel Angioino & Spa,€ 158,"7,9"
2025-12-15,2025-12-16,Hotel Art Resort Galleria Umberto,€ 144,"8,3"
2025-12-15,2025-12-16,Hotel San Paolo,€ 97,"7,8"
2025-12-15,2025-12-16,Palazzo Esedra,€ 131,"8,4"
2025-12-15,2025-12-16,Hotel Cristina,€ 83,"8,7"
2025-12-15,2025-12-16,Schilizzi Hotel,€ 91,"8,2"
2025-12-15,2025-12-16,Hotel Eden,€ 69,"6,9"
2025-12-15,2025-12-16,Il Tesoro Smart Suite & SPA,€ 111,"8,6"
2025-12-15,2025-12-16,Hotel Vergilius Billia,€ 75,"7,5"
2025-12-15,2025-12-16,Caravaggio Hotel,€ 113,"7,4"
2025-12-15,2025-12-16,Rex Lifestyle Hotel,€ 222,"8,9"
2025-12-15,2025-12-16,Hotel Miravalle,€ 76,"6,6"
2025-12-15,2025-12-16,Hotel Piazza Bellini & Apartments,€ 123,"9,0"
2025-12-15,2025-12-16,Hotel Futura Centro Congressi,€ 130,"7,8"
2025-12-15,2025-12-16,UNA Hotels Napoli,€ 174,"8,4"
2025-12-15,2025-12-16,Hotel des Artistes,€ 95,"7,4"
2025-12-15,2025-12-16,MH Design Hotel,€ 119,"7,8"
2025-12-15,2025-12-16,Capodichino International Hotel,€ 92,"6,9"
2025-12-15,2025-12-16,Hotel Mergellina,€ 105,"7,9"
2025-12-16,2025-12-17,Relais Castel Nuovo,€ 109,"9,3"
2025-12-16,2025-12-17,Hotel Poker,€ 98,"7,1"
2025-12-16,2025-12-17,Soul Art Hotel,€ 162,"8,7"
2025-12-16,2025-12-17,Hotel Colombo,€ 89,"7,7"
2025-12-16,2025-12-17,Eurostars Hotel Excelsior,€ 172,"8,8"
2025-12-16,2025-12-17,Hotel Cesare 14,€ 81,"6,4"
2025-12-16,2025-12-17,Hotel Angioino & Spa,€ 158,"7,9"
2025-12-16,2025-12-17,Exe Majestic,€ 100,"8,3"
2025-12-16,2025-12-17,Hotel Art Resort Galleria Umberto,€ 144,"8,3"
2025-12-16,2025-12-17,Hotel San Paolo,€ 97,"7,8"
2025-12-16,2025-12-17,Palazzo Esedra,€ 131,"8,4"
2025-12-16,2025-12-17,Hotel Cristina,€ 83,"8,7"
2025-12-16,2025-12-17,Schilizzi Hotel,€ 91,"8,2"
2025-12-16,2025-12-17,Hotel Eden,€ 69,"6,9"
2025-12-16,2025-12-17,Il Tesoro Smart Suite & SPA,€ 111,"8,6"
2025-12-16,2025-12-17,Hotel Vergilius Billia,€ 84,"7,5"
2025-12-16,2025-12-17,Caravaggio Hotel,€ 113,"7,4"
2025-12-16,2025-12-17,Rex Lifestyle Hotel,€ 128,"8,9"
2025-12-16,2025-12-17,Hotel Miravalle,€ 76,"6,6"
2025-12-16,2025-12-17,Hotel Piazza Bellini & Apartments,€ 128,"9,0"
2025-12-16,2025-12-17,Hotel Futura Centro Congressi,€ 130,"7,8"
2025-12-16,2025-12-17,UNA Hotels Napoli,€ 174,"8,4"
2025-12-16,2025-12-17,Hotel des Artistes,€ 95,"7,4"
2025-12-16,2025-12-17,MH Design Hotel,€ 119,"7,8"
2025-12-16,2025-12-17,Capodichino International Hotel,€ 92,"6,9"
2025-12-17,2025-12-18,Relais Castel Nuovo,€ 109,"9,3"
2025-12-17,2025-12-18,Hotel Poker,€ 98,"7,1"
2025-12-17,2025-12-18,Soul Art Hotel,€ 162,"8,7"
2025-12-17,2025-12-18,Hotel Colombo,€ 89,"7,7"
2025-12-17,2025-12-18,Eurostars Hotel Excelsior,€ 172,"8,8"
2025-12-17,2025-12-18,Hotel Cesare 14,€ 81,"6,4"
2025-12-17,2025-12-18,Hotel Angioino & Spa,€ 158,"7,9"
2025-12-17,2025-12-18,Exe Majestic,€ 100,"8,3"
2025-12-17,2025-12-18,Hotel Art Resort Galleria Umberto,€ 144,"8,3"
2025-12-17,2025-12-18,Hotel San Paolo,€ 97,"7,8"
2025-12-17,2025-12-18,Palazzo Esedra,€ 131,"8,4"
2025-12-17,2025-12-18,Hotel Cristina,€ 83,"8,7"
2025-12-17,2025-12-18,Schilizzi Hotel,€ 91,"8,2"
2025-12-17,2025-12-18,Hotel Eden,€ 69,"6,9"
2025-12-17,2025-12-18,Il Tesoro Smart Suite & SPA,€ 111,"8,6"
2025-12-17,2025-12-18,Hotel Vergilius Billia,€ 75,"7,5"
2025-12-17,2025-12-18,Caravaggio Hotel,€ 113,"7,4"
2025-12-17,2025-12-18,Rex Lifestyle Hotel,€ 162,"8,9"
2025-12-17,2025-12-18,Hotel Miravalle,€ 76,"6,6"
2025-12-17,2025-12-18,Hotel Piazza Bellini & Apartments,€ 133,"9,0"
2025-12-17,2025-12-18,Hotel Futura Centro Congressi,€ 130,"7,8"
2025-12-17,2025-12-18,UNA Hotels Napoli,€ 180,"8,4"
2025-12-17,2025-12-18,Hotel des Artistes,€ 95,"7,4"
2025-12-17,2025-12-18,MH Design Hotel,€ 139,"7,8"
2025-12-17,2025-12-18,Capodichino International Hotel,€ 92,"6,9"
2025-12-18,2025-12-19,Relais Castel Nuovo,€ 109,"9,3"
2025-12-18,2025-12-19,Hotel Poker,€ 98,"7,1"
2025-12-18,2025-12-19,Soul Art Hotel,€ 131,"8,7"
2025-12-18,2025-12-19,Hotel Colombo,€ 89,"7,7"
2025-12-18,2025-12-19,Eurostars Hotel Excelsior,€ 172,"8,8"
2025-12-18,2025-12-19,Hotel Cesare 14,€ 81,"6,4"
2025-12-18,2025-12-19,Hotel Angioino & Spa,€ 158,"7,9"
2025-12-18,2025-12-19,Exe Majestic,€ 100,"8,3"
2025-12-18,2025-12-19,Hotel Art Resort Galleria Umberto,€ 131,"8,3"
2025-12-18,2025-12-19,Hotel San Paolo,€ 97,"7,8"
2025-12-18,2025-12-19,Palazzo Esedra,€ 131,"8,4"
2025-12-18,2025-12-19,Hotel Cristina,€ 83,"8,7"
2025-12-18,2025-12-19,Schilizzi Hotel,€ 91,"8,2"
2025-12-18,2025-12-19,Hotel Eden,€ 69,"6,9"
2025-12-18,2025-12-19,Il Tesoro Smart Suite & SPA,€ 111,"8,6"
2025-12-18,2025-12-19,Hotel Vergilius Billia,€ 75,"7,5"
2025-12-18,2025-12-19,Caravaggio Hotel,€ 117,"7,4"
2025-12-18,2025-12-19,Rex Lifestyle Hotel,€ 162,"8,9"
2025-12-18,2025-12-19,Hotel Miravalle,€ 76,"6,6"
2025-12-18,2025-12-19,Hotel Piazza Bellini & Apartments,€ 133,"9,0"
2025-12-18,2025-12-19,Hotel Futura Centro Congressi,€ 130,"7,8"
2025-12-18,2025-12-19,UNA Hotels Napoli,€ 200,"8,4"
2025-12-18,2025-12-19,Hotel des Artistes,€ 95,"7,4"
2025-12-18,2025-12-19,MH Design Hotel,€ 139,"7,8"
2025-12-18,2025-12-19,Capodichino International Hotel,€ 92,"6,9"
2025-12-19,2025-12-20,Relais Castel Nuovo,€ 139,"9,3"
2025-12-19,2025-12-20,Hotel Poker,€ 117,"7,1"
2025-12-19,2025-12-20,Soul Art Hotel,€ 136,"8,7"
2025-12-19,2025-12-20,Hotel Colombo,€ 89,"7,7"
2025-12-19,2025-12-20,Eurostars Hotel Excelsior,€ 235,"8,8"
2025-12-19,2025-12-20,Hotel Cesare 14,€ 81,"6,4"
2025-12-19,2025-12-20,Hotel Angioino & Spa,€ 158,"7,9"
2025-12-19,2025-12-20,Exe Majestic,€ 118,"8,3"
2025-12-19,2025-12-20,Hotel Art Resort Galleria Umberto,€ 144,"8,3"
2025-12-19,2025-12-20,Hotel San Paolo,€ 97,"7,8"
2025-12-19,2025-12-20,Palazzo Esedra,€ 131,"8,4"
2025-12-19,2025-12-20,Hotel Cristina,€ 83,"8,7"
2025-12-19,2025-12-20,Schilizzi Hotel,€ 102,"8,2"
2025-12-19,2025-12-20,Hotel Eden,€ 69,"6,9"
2025-12-19,2025-12-20,Il Tesoro Smart Suite & SPA,€ 136,"8,6"
2025-12-19,2025-12-20,Hotel Vergilius Billia,€ 101,"7,5"
2025-12-19,2025-12-20,Caravaggio Hotel,€ 117,"7,4"
2025-12-19,2025-12-20,Rex Lifestyle Hotel,€ 128,"8,9"
2025-12-19,2025-12-20,Hotel Miravalle,€ 76,"6,6"
2025-12-19,2025-12-20,Hotel Piazza Bellini & Apartments,€ 138,"9,0"
2025-12-19,2025-12-20,Hotel Futura Centro Congressi,€ 130,"7,8"
2025-12-19,2025-12-20,UNA Hotels Napoli,€ 253,"8,4"
2025-12-19,2025-12-20,Hotel des Artistes,€ 98,"7,4"
2025-12-19,2025-12-20,MH Design Hotel,€ 139,"7,8"
2025-12-19,2025-12-20,Capodichino International Hotel,€ 92,"6,9"
2025-12-20,2025-12-21,Relais Castel Nuovo,€ 131,"9,3"
2025-12-20,2025-12-21,Hotel Poker,€ 117,"7,1"
2025-12-20,2025-12-21,Soul Art Hotel,€ 136,"8,7"
2025-12-20,2025-12-21,Hotel Colombo,€ 89,"7,7"
2025-12-20,2025-12-21,Eurostars Hotel Excelsior,€ 235,"8,8"
2025-12-20,2025-12-21,Hotel Cesare 14,€ 81,"6,4"
2025-12-20,2025-12-21,Hotel Angioino & Spa,€ 109,"7,9"
2025-12-20,2025-12-21,Exe Majestic,€ 118,"8,3"
2025-12-20,2025-12-21,Hotel Art Resort Galleria Umberto,€ 144,"8,3"
2025-12-20,2025-12-21,Hotel San Paolo,€ 97,"7,8"
2025-12-20,2025-12-21,Palazzo Esedra,€ 131,"8,4"
2025-12-20,2025-12-21,Schilizzi Hotel,€ 112,"8,2"
2025-12-20,2025-12-21,Hotel Eden,€ 69,"6,9"
2025-12-20,2025-12-21,Il Tesoro Smart Suite & SPA,€ 136,"8,6"
2025-12-20,2025-12-21,Hotel Vergilius Billia,€ 101,"7,5"
2025-12-20,2025-12-21,Caravaggio Hotel,€ 117,"7,4"
2025-12-20,2025-12-21,Hotel Miravalle,€ 76,"6,6"
2025-12-20,2025-12-21,Hotel Futura Centro Congressi,€ 130,"7,8"
2025-12-20,2025-12-21,UNA Hotels Napoli,€ 229,"8,4"
2025-12-20,2025-12-21,Hotel des Artistes,€ 101,"7,4"
2025-12-20,2025-12-21,MH Design Hotel,€ 139,"7,8"
2025-12-20,2025-12-21,Capodichino International Hotel,€ 92,"6,9"
2025-12-20,2025-12-21,Hotel Mergellina,€ 116,"7,9"
2025-12-20,2025-12-21,NH Napoli Panorama,€ 181,"8,2"
2025-12-20,2025-12-21,Hotel Garden Napoli,€ 99,"7,7"
2025-12-21,2025-12-22,Relais Castel Nuovo,€ 142,"9,3"
2025-12-21,2025-12-22,Hotel Poker,€ 98,"7,1"
2025-12-21,2025-12-22,Soul Art Hotel,€ 131,"8,7"
2025-12-21,2025-12-22,Hotel Colombo,€ 89,"7,7"
2025-12-21,2025-12-22,Eurostars Hotel Excelsior,€ 172,"8,8"
2025-12-21,2025-12-22,Hotel Cesare 14,€ 81,"6,4"
2025-12-21,2025-12-22,Hotel Angioino & Spa,€ 89,"7,9"
2025-12-21,2025-12-22,Exe Majestic,€ 100,"8,3"
2025-12-21,2025-12-22,Hotel Art Resort Galleria Umberto,€ 136,"8,3"
2025-12-21,2025-12-22,Hotel San Paolo,€ 106,"7,8"
2025-12-21,2025-12-22,Palazzo Esedra,€ 131,"8,4"
2025-12-21,2025-12-22,Hotel Cristina,€ 123,"8,7"
2025-12-21,2025-12-22,Schilizzi Hotel,€ 91,"8,2"
2025-12-21,2025-12-22,Hotel Eden,€ 69,"6,9"
2025-12-21,2025-12-22,Il Tesoro Smart Suite & SPA,€ 136,"8,6"
2025-12-21,2025-12-22,Hotel Vergilius Billia,€ 82,"7,5"
2025-12-21,2025-12-22,Caravaggio Hotel,€ 117,"7,4"
2025-12-21,2025-12-22,Rex Lifestyle Hotel,€ 128,"8,9"
2025-12-21,2025-12-22,Hotel Miravalle,€ 76,"6,6"
2025-12-21,2025-12-22,Hotel Piazza Bellini & Apartments,€ 163,"9,0"
2025-12-21,2025-12-22,Hotel Futura Centro Congressi,€ 130,"7,8"
2025-12-21,2025-12-22,UNA Hotels Napoli,€ 192,"8,4"
2025-12-21,2025-12-22,Hotel des Artistes,€ 95,"7,4"
2025-12-21,2025-12-22,MH Design Hotel,€ 149,"7,8"
2025-12-21,2025-12-22,Capodichino International Hotel,€ 92,"6,9"
2025-12-22,2025-12-23,Relais Castel Nuovo,€ 109,"9,3"
2025-12-22,2025-12-23,Hotel Poker,€ 98,"7,1"
2025-12-22,2025-12-23,Soul Art Hotel,€ 131,"8,7"
2025-12-22,2025-12-23,Hotel Colombo,€ 89,"7,7"
2025-12-22,2025-12-23,Eurostars Hotel Excelsior,€ 178,"8,8"
2025-12-22,2025-12-23,Hotel Cesare 14,€ 81,"6,4"
2025-12-22,2025-12-23,Hotel Angioino & Spa,€ 89,"7,9"
2025-12-22,2025-12-23,Exe Majestic,€ 127,"8,3"
2025-12-22,2025-12-23,Hotel Art Resort Galleria Umberto,€ 136,"8,3"
2025-12-22,2025-12-23,Hotel San Paolo,€ 97,"7,8"
2025-12-22,2025-12-23,Palazzo Esedra,€ 131,"8,4"
2025-12-22,2025-12-23,Hotel Cristina,€ 93,"8,7"
2025-12-22,2025-12-23,Schilizzi Hotel,€ 91,"8,2"
2025-12-22,2025-12-23,Hotel Eden,€ 69,"6,9"
2025-12-22,2025-12-23,Il Tesoro Smart Suite & SPA,€ 136,"8,6"
2025-12-22,2025-12-23,Hotel Vergilius Billia,€ 82,"7,5"
2025-12-22,2025-12-23,Caravaggio Hotel,€ 117,"7,4"
2025-12-22,2025-12-23,Rex Lifestyle Hotel,€ 128,"8,9"
2025-12-22,2025-12-23,Hotel Miravalle,€ 76,"6,6"
2025-12-22,2025-12-23,Hotel Piazza Bellini & Apartments,€ 148,"9,0"
2025-12-22,2025-12-23,Hotel Futura Centro Congressi,€ 130,"7,8"
2025-12-22,2025-12-23,UNA Hotels Napoli,€ 188,"8,4"
2025-12-22,2025-12-23,Hotel des Artistes,€ 132,"7,4"
2025-12-22,2025-12-23,MH Design Hotel,€ 159,"7,8"
2025-12-22,2025-12-23,Capodichino International Hotel,€ 92,"6,9"
2025-12-23,2025-12-24,Relais Castel Nuovo,€ 159,"9,3"
2025-12-23,2025-12-24,Hotel Poker,€ 98,"7,1"
2025-12-23,2025-12-24,Soul Art Hotel,€ 131,"8,7"
2025-12-23,2025-12-24,Hotel Colombo,€ 89,"7,7"
2025-12-23,2025-12-24,Eurostars Hotel Excelsior,€ 209,"8,8"
2025-12-23,2025-12-24,Hotel Cesare 14,€ 81,"6,4"
2025-12-23,2025-12-24,Hotel Angioino & Spa,€ 89,"7,9"
2025-12-23,2025-12-24,Exe Majestic,€ 109,"8,3"
2025-12-23,2025-12-24,Hotel Art Resort Galleria Umberto,€ 131,"8,3"
2025-12-23,2025-12-24,Hotel San Paolo,€ 97,"7,8"
2025-12-23,2025-12-24,Palazzo Esedra,€ 131,"8,4"
2025-12-23,2025-12-24,Hotel Cristina,€ 93,"8,7"
2025-12-23,2025-12-24,Schilizzi Hotel,€ 91,"8,2"
2025-12-23,2025-12-24,Hotel Eden,€ 69,"6,9"
2025-12-23,2025-12-24,Il Tesoro Smart Suite & SPA,€ 136,"8,6"
2025-12-23,2025-12-24,Hotel Vergilius Billia,€ 75,"7,5"
2025-12-23,2025-12-24,Caravaggio Hotel,€ 117,"7,4"
2025-12-23,2025-12-24,Rex Lifestyle Hotel,€ 145,"8,9"
2025-12-23,2025-12-24,Hotel Miravalle,€ 76,"6,6"
2025-12-23,2025-12-24,Hotel Piazza Bellini & Apartments,€ 153,"9,0"
2025-12-23,2025-12-24,Hotel Futura Centro Congressi,€ 130,"7,8"
2025-12-23,2025-12-24,UNA Hotels Napoli,€ 211,"8,4"
2025-12-23,2025-12-24,Hotel des Artistes,€ 132,"7,4"
2025-12-23,2025-12-24,MH Design Hotel,€ 159,"7,8"
2025-12-23,2025-12-24,Capodichino International Hotel,€ 92,"6,9"
2025-12-24,2025-12-25,Hotel Poker,€ 98,"7,1"
2025-12-24,2025-12-25,Soul Art Hotel,€ 131,"8,7"
2025-12-24,2025-12-25,Eurostars Hotel Excelsior,€ 241,"8,8"
2025-12-24,2025-12-25,Hotel Cesare 14,€ 81,"6,4"
2025-12-24,2025-12-25,Hotel Angioino & Spa,€ 89,"7,9"
2025-12-24,2025-12-25,Exe Majestic,€ 145,"8,3"
2025-12-24,2025-12-25,Hotel Art Resort Galleria Umberto,€ 136,"8,3"
2025-12-24,2025-12-25,Hotel San Paolo,€ 97,"7,8"
2025-12-24,2025-12-25,Palazzo Esedra,€ 131,"8,4"
2025-12-24,2025-12-25,Hotel Cristina,€ 93,"8,7"
2025-12-24,2025-12-25,Schilizzi Hotel,€ 91,"8,2"
2025-12-24,2025-12-25,Hotel Eden,€ 79,"6,9"
2025-12-24,2025-12-25,Il Tesoro Smart Suite & SPA,€ 136,"8,6"
2025-12-24,2025-12-25,Hotel Vergilius Billia,€ 82,"7,5"
2025-12-24,2025-12-25,Caravaggio Hotel,€ 117,"7,4"
2025-12-24,2025-12-25,Hotel Miravalle,€ 76,"6,6"
2025-12-24,2025-12-25,Hotel Piazza Bellini & Apartments,€ 113,"9,0"
2025-12-24,2025-12-25,Hotel Futura Centro Congressi,€ 130,"7,8"
2025-12-24,2025-12-25,UNA Hotels Napoli,€ 174,"8,4"
2025-12-24,2025-12-25,Hotel des Artistes,€ 132,"7,4"
2025-12-24,2025-12-25,MH Design Hotel,€ 139,"7,8"
2025-12-24,2025-12-25,Capodichino International Hotel,€ 92,"6,9"
2025-12-24,2025-12-25,NH Napoli Panorama,€ 173,"8,2"
2025-12-24,2025-12-25,Hotel Garden Napoli,€ 109,"7,7"
2025-12-24,2025-12-25,Sweet Sleep Studios,€ 109,"8,3"
2025-12-25,2025-12-26,Hotel Poker,€ 98,"7,1"
2025-12-25,2025-12-26,Soul Art Hotel,€ 155,"8,7"
2025-12-25,2025-12-26,Hotel Colombo,€ 131,"7,7"
2025-12-25,2025-12-26,Eurostars Hotel Excelsior,€ 243,"8,8"
2025-12-25,2025-12-26,Hotel Cesare 14,€ 81,"6,4"
2025-12-25,2025-12-26,Hotel Angioino & Spa,€ 158,"7,9"
2025-12-25,2025-12-26,Exe Majestic,€ 136,"8,3"
2025-12-25,2025-12-26,Hotel Art Resort Galleria Umberto,€ 136,"8,3"
2025-12-25,2025-12-26,Hotel San Paolo,€ 97,"7,8"
2025-12-25,2025-12-26,Palazzo Esedra,€ 131,"8,4"
2025-12-25,2025-12-26,Hotel Cristina,€ 93,"8,7"
2025-12-25,2025-12-26,Schilizzi Hotel,€ 112,"8,2"
2025-12-25,2025-12-26,Hotel Eden,€ 79,"6,9"
2025-12-25,2025-12-26,Il Tesoro Smart Suite & SPA,€ 136,"8,6"
2025-12-25,2025-12-26,Hotel Vergilius Billia,€ 91,"7,5"
2025-12-25,2025-12-26,Caravaggio Hotel,€ 117,"7,4"
2025-12-25,2025-12-26,Hotel Miravalle,€ 76,"6,6"
2025-12-25,2025-12-26,Hotel Piazza Bellini & Apartments,€ 153,"9,0"
2025-12-25,2025-12-26,Hotel Futura Centro Congressi,€ 130,"7,8"
2025-12-25,2025-12-26,UNA Hotels Napoli,€ 192,"8,4"
2025-12-25,2025-12-26,Hotel des Artistes,€ 132,"7,4"
2025-12-25,2025-12-26,MH Design Hotel,€ 139,"7,8"
2025-12-25,2025-12-26,Capodichino International Hotel,€ 92,"6,9"
2025-12-25,2025-12-26,NH Napoli Panorama,€ 182,"8,2"
2025-12-25,2025-12-26,Hotel Garden Napoli,€ 109,"7,7"
2025-12-26,2025-12-27,Hotel Poker,€ 117,"7,1"
2025-12-26,2025-12-27,Soul Art Hotel,€ 162,"8,7"
2025-12-26,2025-12-27,Hotel Colombo,€ 131,"7,7"
2025-12-26,2025-12-27,Eurostars Hotel Excelsior,€ 276,"8,8"
2025-12-26,2025-12-27,Hotel Cesare 14,€ 81,"6,4"
2025-12-26,2025-12-27,Hotel Angioino & Spa,€ 158,"7,9"
2025-12-26,2025-12-27,Exe Majestic,€ 145,"8,3"
2025-12-26,2025-12-27,Hotel Art Resort Galleria Umberto,€ 177,"8,3"
2025-12-26,2025-12-27,Hotel San Paolo,€ 97,"7,8"
2025-12-26,2025-12-27,Palazzo Esedra,€ 131,"8,4"
2025-12-26,2025-12-27,Hotel Cristina,€ 123,"8,7"
2025-12-26,2025-12-27,Schilizzi Hotel,€ 153,"8,2"
2025-12-26,2025-12-27,Hotel Eden,€ 79,"6,9"
2025-12-26,2025-12-27,Il Tesoro Smart Suite & SPA,€ 136,"8,6"
2025-12-26,2025-12-27,Hotel Vergilius Billia,€ 188,"7,5"
2025-12-26,2025-12-27,Caravaggio Hotel,€ 117,"7,4"
2025-12-26,2025-12-27,Hotel Miravalle,€ 76,"6,6"
2025-12-26,2025-12-27,Hotel Piazza Bellini & Apartments,€ 173,"9,0"
2025-12-26,2025-12-27,Hotel Futura Centro Congressi,€ 130,"7,8"
2025-12-26,2025-12-27,UNA Hotels Napoli,€ 174,"8,4"
2025-12-26,2025-12-27,Hotel des Artistes,€ 135,"7,4"
2025-12-26,2025-12-27,MH Design Hotel,€ 149,"7,8"
2025-12-26,2025-12-27,Capodichino International Hotel,€ 92,"6,9"
2025-12-26,2025-12-27,NH Napoli Panorama,€ 210,"8,2"
2025-12-26,2025-12-27,Hotel Garden Napoli,€ 142,"7,7"
2025-12-27,2025-12-28,Relais Castel Nuovo,€ 216,"9,3"
2025-12-27,2025-12-28,Hotel Poker,€ 117,"7,1"
2025-12-27,2025-12-28,Soul Art Hotel,€ 162,"8,7"
2025-12-27,2025-12-28,Hotel Colombo,€ 131,"7,7"
2025-12-27,2025-12-28,Eurostars Hotel Excelsior,€ 347,"8,8"
2025-12-27,2025-12-28,Hotel Cesare 14,€ 81,"6,4"
2025-12-27,2025-12-28,Hotel Angioino & Spa,€ 188,"7,9"
2025-12-27,2025-12-28,Exe Majestic,€ 187,"8,3"
2025-12-27,2025-12-28,Hotel Art Resort Galleria Umberto,€ 177,"8,3"
2025-12-27,2025-12-28,Hotel San Paolo,€ 97,"7,8"
2025-12-27,2025-12-28,Palazzo Esedra,€ 131,"8,4"
2025-12-27,2025-12-28,Hotel Cristina,€ 123,"8,7"
2025-12-27,2025-12-28,Schilizzi Hotel,€ 173,"8,2"
2025-12-27,2025-12-28,Hotel Eden,€ 79,"6,9"
2025-12-27,2025-12-28,Hotel Vergilius Billia,€ 179,"7,5"
2025-12-27,2025-12-28,Caravaggio Hotel,€ 143,"7,4"
2025-12-27,2025-12-28,Hotel Miravalle,€ 76,"6,6"
2025-12-27,2025-12-28,Hotel Futura Centro Congressi,€ 130,"7,8"
2025-12-27,2025-12-28,UNA Hotels Napoli,€ 271,"8,4"
2025-12-27,2025-12-28,Hotel des Artistes,€ 140,"7,4"
2025-12-27,2025-12-28,MH Design Hotel,€ 189,"7,8"
2025-12-27,2025-12-28,Capodichino International Hotel,€ 92,"6,9"
2025-12-27,2025-12-28,NH Napoli Panorama,€ 238,"8,2"
2025-12-27,2025-12-28,Hotel Garden Napoli,€ 142,"7,7"
2025-12-27,2025-12-28,Sweet Sleep Studios,€ 186,"8,3"
2025-12-28,2025-12-29,Hotel Poker,€ 117,"7,1"
2025-12-28,2025-12-29,Soul Art Hotel,€ 136,"8,7"
2025-12-28,2025-12-29,Eurostars Hotel Excelsior,€ 355,"8,8"
2025-12-28,2025-12-29,Hotel Angioino & Spa,€ 158,"7,9"
2025-12-28,2025-12-29,Exe Majestic,€ 195,"8,3"
2025-12-28,2025-12-29,Hotel Art Resort Galleria Umberto,€ 150,"8,3"
2025-12-28,2025-12-29,Hotel San Paolo,€ 106,"7,8"
2025-12-28,2025-12-29,Palazzo Esedra,€ 174,"8,4"
2025-12-28,2025-12-29,Hotel Cristina,€ 123,"8,7"
2025-12-28,2025-12-29,Schilizzi Hotel,€ 153,"8,2"
2025-12-28,2025-12-29,Hotel Eden,€ 79,"6,9"
2025-12-28,2025-12-29,Il Tesoro Smart Suite & SPA,€ 136,"8,6"
2025-12-28,2025-12-29,Hotel Vergilius Billia,€ 162,"7,5"
2025-12-28,2025-12-29,Caravaggio Hotel,€ 143,"7,4"
2025-12-28,2025-12-29,Hotel Miravalle,€ 76,"6,6"
2025-12-28,2025-12-29,Hotel Piazza Bellini & Apartments,€ 213,"9,0"
2025-12-28,2025-12-29,Hotel Futura Centro Congressi,€ 130,"7,8"
2025-12-28,2025-12-29,UNA Hotels Napoli,€ 253,"8,4"
2025-12-28,2025-12-29,Hotel des Artistes,€ 132,"7,4"
2025-12-28,2025-12-29,MH Design Hotel,€ 189,"7,8"
2025-12-28,2025-12-29,Capodichino International Hotel,€ 92,"6,9"
2025-12-28,2025-12-29,NH Napoli Panorama,€ 238,"8,2"
2025-12-28,2025-12-29,Hotel Garden Napoli,€ 142,"7,7"
2025-12-28,2025-12-29,Sweet Sleep Studios,€ 186,"8,3"
2025-12-28,2025-12-29,Hotel Neapolis,€ 149,"8,0"
2025-12-29,2025-12-30,Relais Castel Nuovo,€ 254,"9,3"
2025-12-29,2025-12-30,Hotel Poker,€ 131,"7,1"
2025-12-29,2025-12-30,Soul Art Hotel,€ 136,"8,7"
2025-12-29,2025-12-30,Eurostars Hotel Excelsior,€ 382,"8,8"
2025-12-29,2025-12-30,Hotel Angioino & Spa,€ 158,"7,9"
2025-12-29,2025-12-30,Exe Majestic,€ 217,"8,3"
2025-12-29,2025-12-30,Hotel Art Resort Galleria Umberto,€ 333,"8,3"
2025-12-29,2025-12-30,Hotel San Paolo,€ 97,"7,8"
2025-12-29,2025-12-30,Palazzo Esedra,€ 142,"8,4"
2025-12-29,2025-12-30,Hotel Cristina,€ 123,"8,7"
2025-12-29,2025-12-30,Schilizzi Hotel,€ 153,"8,2"
2025-12-29,2025-12-30,Hotel Eden,€ 79,"6,9"
2025-12-29,2025-12-30,Il Tesoro Smart Suite & SPA,€ 136,"8,6"
2025-12-29,2025-12-30,Hotel Vergilius Billia,€ 162,"7,5"
2025-12-29,2025-12-30,Caravaggio Hotel,€ 152,"7,4"
2025-12-29,2025-12-30,Hotel Miravalle,€ 76,"6,6"
2025-12-29,2025-12-30,Hotel Piazza Bellini & Apartments,€ 224,"9,0"
2025-12-29,2025-12-30,UNA Hotels Napoli,€ 295,"8,4"
2025-12-29,2025-12-30,Hotel des Artistes,€ 132,"7,4"
2025-12-29,2025-12-30,MH Design Hotel,€ 209,"7,8"
2025-12-29,2025-12-30,Capodichino International Hotel,€ 92,"6,9"
2025-12-29,2025-12-30,NH Napoli Panorama,€ 270,"8,2"
2025-12-29,2025-12-30,Hotel Garden Napoli,€ 142,"7,7"
2025-12-29,2025-12-30,Sweet Sleep Studios,€ 186,"8,3"
2025-12-29,2025-12-30,Hotel Neapolis,€ 149,"8,0"
2025-12-30,2025-12-31,Hotel Poker,€ 146,"7,1"
2025-12-30,2025-12-31,Eurostars Hotel Excelsior,€ 460,"8,8"
2025-12-30,2025-12-31,Hotel Angioino & Spa,€ 158,"7,9"
2025-12-30,2025-12-31,Exe Majestic,€ 217,"8,3"
2025-12-30,2025-12-31,Hotel San Paolo,€ 125,"7,8"
2025-12-30,2025-12-31,Palazzo Esedra,€ 142,"8,4"
2025-12-30,2025-12-31,Hotel Cristina,€ 123,"8,7"
2025-12-30,2025-12-31,Schilizzi Hotel,€ 160,"8,2"
2025-12-30,2025-12-31,Hotel Eden,€ 79,"6,9"
2025-12-30,2025-12-31,Il Tesoro Smart Suite & SPA,€ 163,"8,6"
2025-12-30,2025-12-31,Hotel Vergilius Billia,€ 162,"7,5"
2025-12-30,2025-12-31,Caravaggio Hotel,€ 143,"7,4"
2025-12-30,2025-12-31,Hotel Miravalle,€ 76,"6,6"
2025-12-30,2025-12-31,Hotel Piazza Bellini & Apartments,€ 230,"9,0"
2025-12-30,2025-12-31,UNA Hotels Napoli,€ 295,"8,4"
2025-12-30,2025-12-31,Hotel des Artistes,€ 140,"7,4"
2025-12-30,2025-12-31,Capodichino International Hotel,€ 92,"6,9"
2025-12-30,2025-12-31,NH Napoli Panorama,€ 285,"8,2"
2025-12-30,2025-12-31,Hotel Garden Napoli,€ 142,"7,7"
2025-12-30,2025-12-31,Sweet Sleep Studios,€ 224,"8,3"
2025-12-30,2025-12-31,Hotel Plebiscito Aparthotel,€ 188,"8,0"
2025-12-30,2025-12-31,Best Western Plus Hotel Plaza,€ 154,"8,1"
2025-12-30,2025-12-31,Holiday Inn Naples by IHG,€ 134,"7,8"
2025-12-30,2025-12-31,Ideal City Walk,€ 205,"8,1"
2025-12-30,2025-12-31,Hotel del Real Orto Botanico,€ 151,"7,2"
2025-12-31,2026-01-01,Hotel Poker,€ 146,"7,1"
2025-12-31,2026-01-01,Eurostars Hotel Excelsior,€ 640,"8,8"
2025-12-31,2026-01-01,Hotel Angioino & Spa,€ 359,"7,9"
2025-12-31,2026-01-01,Exe Majestic,€ 298,"8,3"
2025-12-31,2026-01-01,Hotel San Paolo,€ 296,"7,8"
2025-12-31,2026-01-01,Palazzo Esedra,€ 142,"8,4"
2025-12-31,2026-01-01,Hotel Cristina,€ 133,"8,7"
2025-12-31,2026-01-01,Schilizzi Hotel,€ 225,"8,2"
2025-12-31,2026-01-01,Hotel Eden,€ 159,"6,9"
2025-12-31,2026-01-01,Il Tesoro Smart Suite & SPA,€ 265,"8,6"
2025-12-31,2026-01-01,Hotel Vergilius Billia,€ 161,"7,5"
2025-12-31,2026-01-01,Hotel Piazza Bellini & Apartments,€ 248,"9,0"
2025-12-31,2026-01-01,Hotel des Artistes,€ 132,"7,4"
2025-12-31,2026-01-01,Capodichino International Hotel,€ 92,"6,9"
2025-12-31,2026-01-01,NH Napoli Panorama,€ 353,"8,2"
2025-12-31,2026-01-01,Hotel Garden Napoli,€ 199,"7,7"
2025-12-31,2026-01-01,Sweet Sleep Studios,€ 249,"8,3"
2025-12-31,2026-01-01,Hotel Neapolis,€ 145,"8,0"
2025-12-31,2026-01-01,Best Western Plus Hotel Plaza,€ 154,"8,1"
2025-12-31,2026-01-01,Ideal City Walk,€ 205,"8,1"
2025-12-31,2026-01-01,Hotel del Real Orto Botanico,€ 151,"7,2"
2025-12-31,2026-01-01,Ibis Styles Napoli Garibaldi,€ 135,"8,0"
2025-12-31,2026-01-01,Hotel Diamond,€ 112,"7,7"
2025-12-31,2026-01-01,Smart Hotel Napoli,€ 268,"8,5"
2025-12-31,2026-01-01,Hotel Naples,€ 263,"7,9"
